id,date,temperature,weather,wind,avg_temp
1,2015/5/1,27℃/17℃,多云/中雨,东南风3-4级/东南风4-5级,22
2,2015/5/2,21℃/13℃,中雨/阴,东北风4-5级/西北风3-4级,17
3,2015/5/3,25℃/16℃,多云/多云,东北风≤3级/东北风≤3级,20.5
4,2015/5/4,24℃/13℃,阴/多云,东风3-4级/东风3-4级,18.5
5,2015/5/5,26℃/15℃,多云/阴,东南风3-4级/东南风≤3级,20.5
6,2015/5/6,24℃/16℃,阴/阴,东风≤3级/东北风≤3级,20
7,2015/5/7,28℃/18℃,多云/多云,南风≤3级/东风3-4级,23
8,2015/5/8,23℃/16℃,雷阵雨/阴,东风3-4级/东风3-4级,19.5
9,2015/5/9,25℃/16℃,多云/多云,东风≤3级/东南风3-4级,20.5
10,2015/5/10,26℃/15℃,多云/小到中雨,东南风3-4级/东南风3-4级,20.5
11,2015/5/11,20℃/12℃,小到中雨/多云,西北风4-5级/西风5-6级,16
12,2015/5/12,27℃/15℃,晴/晴,西南风5-6级/西南风4-5级,21
13,2015/5/13,29℃/19℃,晴/多云,西南风5-6级/西南风3-4级,24
14,2015/5/14,30℃/20℃,雷阵雨/雷阵雨,南风3-4级/西南风3-4级,25
15,2015/5/15,25℃/16℃,中雨/阴,西南风3-4级/东北风4-5级,20.5
16,2015/5/16,25℃/15℃,多云/多云,东风3-4级/东南风≤3级,20
17,2015/5/17,27℃/20℃,多云/雷阵雨,东南风3-4级/东南风3-4级,23.5
18,2015/5/18,25℃/20℃,阴/多云,西南风3-4级/南风≤3级,22.5
19,2015/5/19,30℃/20℃,雾/多云,东南风≤3级/东北风3-4级,25
20,2015/5/20,27℃/15℃,多云/多云,东北风3-4级/东风3-4级,21
21,2015/5/21,26℃/15℃,晴/多云,东南风3-4级/东南风3-4级,20.5
22,2015/5/22,27℃/18℃,多云/阴,东风≤3级/东风≤3级,22.5
23,2015/5/23,26℃/18℃,阴/多云,东风≤3级/东风≤3级,22
24,2015/5/24,28℃/18℃,多云/晴,东北风3-4级/东南风≤3级,23
25,2015/5/25,29℃/20℃,多云/多云,东风3-4级/东风3-4级,24.5
26,2015/5/26,28℃/20℃,多云/小雨,东南风3-4级/东南风3-4级,24
27,2015/5/27,23℃/19℃,雷阵雨/阴,东南风3-4级/东风≤3级,21
28,2015/5/28,26℃/21℃,阴/阴,东北风3-4级/东风≤3级,23.5
29,2015/5/29,27℃/20℃,雷阵雨/中雨,东风4-5级/北风3-4级,23.5
30,2015/5/30,27℃/19℃,多云/多云,北风3-4级/东风≤3级,23
31,2015/5/31,29℃/20℃,多云/多云,东风≤3级/东南风3-4级,24.5
32,2015/6/1,31℃/23℃,多云/小到中雨,东南风3-4级/东南风3-4级,27
33,2015/6/2,24℃/20℃,暴雨/小雨,东北风4-5级/东北风4-5级,22
34,2015/6/3,26℃/17℃,多云/多云,东北风4-5级/东南风3-4级,21.5
35,2015/6/4,26℃/18℃,多云/阴,东风3-4级/西风3-4级,22
36,2015/6/5,30℃/19℃,晴/多云,西南风3-4级/西南风≤3级,24.5
37,2015/6/6,32℃/21℃,多云/多云,南风3-4级/东南风3-4级,26.5
38,2015/6/7,27℃/21℃,雷阵雨/中到大雨,东南风3-4级/东风3-4级,24
39,2015/6/8,26℃/21℃,阴/多云,东北风3-4级/南风≤3级,23.5
40,2015/6/9,27℃/21℃,阴/阴,南风3-4级/南风3-4级,24
41,2015/6/10,28℃/23℃,雷阵雨/阴,南风3-4级/西南风3-4级,25.5
42,2015/6/11,31℃/22℃,多云/多云,西风4-5级/西南风4-5级,26.5
43,2015/6/12,34℃/23℃,多云/多云,西南风4-5级/西南风3-4级,28.5
44,2015/6/13,33℃/24℃,多云/多云,西南风3-4级/西南风≤3级,28.5
45,2015/6/14,31℃/23℃,多云/阴,南风≤3级/东南风≤3级,27
46,2015/6/15,28℃/21℃,雷阵雨/雷阵雨,东风≤3级/南风≤3级,24.5
47,2015/6/16,24℃/20℃,大雨/大到暴雨,东南风3-4级/东风3-4级,22
48,2015/6/17,23℃/19℃,中到大雨/阴,东北风4-5级/东风3-4级,21
49,2015/6/18,27℃/20℃,多云/多云,东北风3-4级/东南风≤3级,23.5
50,2015/6/19,30℃/21℃,晴/多云,东南风≤3级/东南风≤3级,25.5
51,2015/6/20,29℃/21℃,多云/阴,东北风≤3级/东北风3-4级,25
52,2015/6/21,27℃/21℃,阵雨/阴,东风3-4级/东风≤3级,24
53,2015/6/22,29℃/22℃,阴/多云,东南风3-4级/东风≤3级,25.5
54,2015/6/23,28℃/23℃,阴/雷阵雨,东风3-4级/东风3-4级,25.5
55,2015/6/24,27℃/25℃,雷阵雨/雷阵雨,东风≤3级/东南风≤3级,26
56,2015/6/25,30℃/22℃,中雨/中雨,西南风3-4级/西北风3-4级,26
57,2015/6/26,26℃/22℃,中雨/大雨,西南风3-4级/东南风3-4级,24
58,2015/6/27,24℃/20℃,暴雨/大到暴雨,东风3-4级/东风3-4级,22
59,2015/6/28,24℃/21℃,中到大雨/雷阵雨,东风3-4级/东南风3-4级,22.5
60,2015/6/29,28℃/23℃,雷阵雨/雷阵雨,西北风3-4级/西风3-4级,25.5
61,2015/6/30,27℃/21℃,中雨/雷阵雨,北风3-4级/北风3-4级,24
62,2015/7/1,28℃/21℃,多云/晴,西风≤3级/南风≤3级,24.5
63,2015/7/2,32℃/22℃,多云/多云,东南风≤3级/东南风≤3级,27
64,2015/7/3,30℃/22℃,多云/多云,东风≤3级/东风≤3级,26
65,2015/7/4,27℃/19℃,多云/多云,东南风3-4级/东风≤3级,23
66,2015/7/5,26℃/19℃,多云/阴,东风3-4级/东风3-4级,22.5
67,2015/7/6,21℃/18℃,小到中雨/中雨,东风3-4级/东北风4-5级,19.5
68,2015/7/7,23℃/19℃,小到中雨/阵雨,东北风4-5级/东北风3-4级,21
69,2015/7/8,23℃/20℃,小到中雨/雷阵雨,东北风3-4级/东北风3-4级,21.5
70,2015/7/9,26℃/23℃,阴/阴,东北风3-4级/东北风3-4级,24.5
71,2015/7/10,30℃/23℃,多云/雷阵雨,东北风4-5级/东北风4-5级,26.5
72,2015/7/11,28℃/23℃,中雨/小到中雨,东北风5-6级/北风5-6级,25.5
73,2015/7/12,30℃/24℃,阵雨/多云,西北风5-6级/西风4-5级,27
74,2015/7/13,34℃/24℃,多云/多云,西南风3-4级/西南风3-4级,29
75,2015/7/14,35℃/25℃,多云/多云,东风≤3级/东南风≤3级,30
76,2015/7/15,33℃/24℃,多云/阴,东风3-4级/东风3-4级,28.5
77,2015/7/16,29℃/23℃,雷阵雨/中雨,东风3-4级/东风3-4级,26
78,2015/7/17,26℃/23℃,大雨/中雨,东风3-4级/东南风≤3级,24.5
79,2015/7/18,27℃/24℃,雷阵雨/中雨,西风≤3级/东风3-4级,25.5
80,2015/7/19,26℃/23℃,雷阵雨/雷阵雨,东风3-4级/东北风≤3级,24.5
81,2015/7/20,30℃/24℃,阴/阴,东北风≤3级/东北风≤3级,27
82,2015/7/21,30℃/25℃,阴/阴,东北风≤3级/东风≤3级,27.5
83,2015/7/22,31℃/25℃,阴/阴,东风≤3级/东风≤3级,28
84,2015/7/23,30℃/25℃,雷阵雨/大雨,南风3-4级/东南风3-4级,27.5
85,2015/7/24,27℃/24℃,中雨/中到大雨,西南风3-4级/西南风3-4级,25.5
86,2015/7/25,29℃/25℃,中雨/雷阵雨,东南风≤3级/南风≤3级,27
87,2015/7/26,31℃/26℃,雷阵雨/多云,西南风3-4级/南风3-4级,28.5
88,2015/7/27,33℃/27℃,多云/多云,西南风3-4级/西南风3-4级,30
89,2015/7/28,35℃/27℃,晴/晴,西南风4-5级/西南风3-4级,31
90,2015/7/29,36℃/27℃,晴/晴,西南风4-5级/西南风3-4级,31.5
91,2015/7/30,35℃/27℃,晴/多云,西南风4-5级/南风3-4级,31
92,2015/7/31,35℃/27℃,多云/多云,西南风4-5级/南风≤3级,31
93,2015/8/1,35℃/27℃,多云/晴,西南风4-5级/南风3-4级,31
94,2015/8/2,37℃/28℃,晴/晴,西南风4-5级/西南风3-4级,32.5
95,2015/8/3,37℃/28℃,晴/晴,西南风4-5级/西南风3-4级,32.5
96,2015/8/4,37℃/29℃,晴/晴,西南风4-5级/南风≤3级,33
97,2015/8/5,36℃/27℃,多云/多云,西南风3-4级/东南风3-4级,31.5
98,2015/8/6,35℃/27℃,多云/多云,东南风3-4级/东风3-4级,31
99,2015/8/7,34℃/26℃,多云/多云,东风4-5级/东风3-4级,30
100,2015/8/8,32℃/25℃,雷阵雨/雷阵雨,东风4-5级/东风4-5级,28.5
101,2015/8/9,28℃/25℃,中雨/大雨,东风5-6级/东风5-6级,26.5
102,2015/8/10,27℃/24℃,暴雨/中雨,东风5-6级/南风5-6级,25.5
103,2015/8/11,27℃/23℃,多云/多云,西北风4-5级/北风3-4级,25
104,2015/8/12,28℃/24℃,多云/多云,东北风3-4级/东风≤3级,26
105,2015/8/13,31℃/23℃,多云/多云,东风3-4级/东风≤3级,27
106,2015/8/14,31℃/24℃,多云/阴,东南风3-4级/东南风≤3级,27.5
107,2015/8/15,31℃/24℃,雷阵雨/阴,东南风3-4级/东风≤3级,27.5
108,2015/8/16,31℃/23℃,多云/多云,东风≤3级/东风≤3级,27
109,2015/8/17,31℃/24℃,多云/多云,东风≤3级/东风3-4级,27.5
110,2015/8/18,30℃/24℃,多云/阴,东风3-4级/东风3-4级,27
111,2015/8/19,30℃/24℃,阴/暴雨,东风3-4级/东南风4-5级,27
112,2015/8/20,27℃/23℃,阵雨/阴,西风3-4级/北风3-4级,25
113,2015/8/21,28℃/23℃,阴/阴,北风3-4级/东风≤3级,25.5
114,2015/8/22,28℃/21℃,阴/多云,东北风3-4级/东风3-4级,24.5
115,2015/8/23,28℃/21℃,阴/阴,东北风3-4级/东北风3-4级,24.5
116,2015/8/24,27℃/21℃,阵雨/阴,东北风4-5级/北风4-5级,24
117,2015/8/25,29℃/22℃,多云/多云,西北风3-4级/西北风≤3级,25.5
118,2015/8/26,30℃/22℃,多云/多云,西风3-4级/西北风≤3级,26
119,2015/8/27,30℃/22℃,雷阵雨/多云,西北风≤3级/东北风≤3级,26
120,2015/8/28,30℃/21℃,多云/多云,东北风≤3级/东北风≤3级,25.5
121,2015/8/29,30℃/22℃,多云/多云,东北风≤3级/东风≤3级,26
122,2015/8/30,30℃/22℃,多云/多云,东风≤3级/东风3-4级,26
123,2015/8/31,31℃/22℃,多云/多云,东风≤3级/东风≤3级,26.5
124,2015/9/1,30℃/22℃,雷阵雨/阴,北风≤3级/西北风3-4级,26
125,2015/9/2,31℃/22℃,多云/晴,西北风3-4级/西北风3-4级,26.5
126,2015/9/3,30℃/21℃,晴/多云,东北风≤3级/东风≤3级,25.5
127,2015/9/4,31℃/24℃,雷阵雨/中到大雨,东风3-4级/东南风3-4级,27.5
128,2015/9/5,28℃/22℃,阴/多云,西北风3-4级/北风3-4级,25
129,2015/9/6,28℃/21℃,多云/多云,东北风3-4级/东北风≤3级,24.5
130,2015/9/7,28℃/21℃,多云/晴,东北风3-4级/东北风≤3级,24.5
131,2015/9/8,29℃/20℃,晴/晴,东风3-4级/东北风≤3级,24.5
132,2015/9/9,28℃/20℃,晴/晴,东北风3-4级/东北风3-4级,24
133,2015/9/10,28℃/19℃,晴/多云,东北风≤3级/东北风≤3级,23.5
134,2015/9/11,27℃/20℃,阴/阴,东北风≤3级/北风3-4级,23.5
135,2015/9/12,26℃/16℃,多云/晴,北风3-4级/北风3-4级,21
136,2015/9/13,25℃/18℃,晴/多云,东北风≤3级/东北风≤3级,21.5
137,2015/9/14,27℃/20℃,多云/阴,东风3-4级/东风≤3级,23.5
138,2015/9/15,27℃/19℃,阴/阴,东风3-4级/东风3-4级,23
139,2015/9/16,27℃/17℃,多云/多云,东北风3-4级/东北风≤3级,22
140,2015/9/17,27℃/18℃,多云/多云,东北风≤3级/东风≤3级,22.5
141,2015/9/18,27℃/19℃,多云/多云,东风≤3级/东风≤3级,23
142,2015/9/19,28℃/20℃,多云/多云,东风≤3级/东风≤3级,24
143,2015/9/20,28℃/18℃,多云/多云,东南风3-4级/东风≤3级,23
144,2015/9/21,28℃/20℃,多云/阴,东南风3-4级/东风3-4级,24
145,2015/9/22,27℃/22℃,阵雨/雷阵雨,东南风3-4级/东风≤3级,24.5
146,2015/9/23,27℃/20℃,阴/多云,西北风3-4级/东北风3-4级,23.5
147,2015/9/24,27℃/20℃,阴/阵雨,东风≤3级/东北风≤3级,23.5
148,2015/9/25,27℃/19℃,阴/阴,东北风≤3级/东北风≤3级,23
149,2015/9/26,28℃/19℃,多云/多云,东北风≤3级/东北风≤3级,23.5
150,2015/9/27,27℃/18℃,多云/多云,东北风≤3级/东北风≤3级,22.5
151,2015/9/28,28℃/21℃,多云/多云,东北风4-5级/东北风5-6级,24.5
152,2015/9/29,25℃/21℃,阵雨/阵雨,东风5-6级/东风5-6级,23
153,2015/9/30,27℃/17℃,雷阵雨/大雨,东北风4-5级/西北风4-5级,22
154,2015/10/1,23℃/14℃,阵雨/多云,西北风5-6级/西北风4-5级,18.5
155,2015/10/2,24℃/14℃,晴/晴,南风3-4级/东南风≤3级,19
156,2015/10/3,25℃/17℃,多云/多云,东风≤3级/东风≤3级,21
157,2015/10/4,25℃/18℃,阴/阵雨,东风3-4级/东风≤3级,21.5
158,2015/10/5,22℃/18℃,阴/多云,东风≤3级/东风≤3级,20
159,2015/10/6,23℃/19℃,阴/阵雨,东风≤3级/东风3-4级,21
160,2015/10/7,22℃/18℃,阵雨/阵雨,东风3-4级/东北风4-5级,20
161,2015/10/8,22℃/15℃,阴/多云,北风3-4级/北风≤3级,18.5
162,2015/10/9,22℃/12℃,多云/晴,西北风3-4级/西风3-4级,17
163,2015/10/10,23℃/10℃,多云/晴,西北风4-5级/西北风3-4级,16.5
164,2015/10/11,21℃/10℃,晴/晴,西风3-4级/北风≤3级,15.5
165,2015/10/12,23℃/11℃,晴/晴,北风≤3级/北风≤3级,17
166,2015/10/13,24℃/12℃,晴/多云,南风3-4级/东南风3-4级,18
167,2015/10/14,25℃/12℃,多云/多云,东风≤3级/东南风≤3级,18.5
168,2015/10/15,25℃/13℃,多云/晴,东南风≤3级/东南风≤3级,19
169,2015/10/16,26℃/15℃,晴/晴,东风≤3级/东风≤3级,20.5
170,2015/10/17,26℃/15℃,晴/晴,东风≤3级/东风3-4级,20.5
171,2015/10/18,25℃/14℃,多云/多云,东风3-4级/东风3-4级,19.5
172,2015/10/19,24℃/15℃,多云/多云,东风3-4级/东风3-4级,19.5
173,2015/10/20,25℃/16℃,多云/多云,东风3-4级/东风3-4级,20.5
174,2015/10/21,25℃/16℃,多云/多云,东风3-4级/东风3-4级,20.5
175,2015/10/22,25℃/16℃,多云/多云,东风3-4级/东风3-4级,20.5
176,2015/10/23,25℃/17℃,多云/多云,东风3-4级/东风≤3级,21
177,2015/10/24,26℃/17℃,多云/多云,东北风3-4级/东北风3-4级,21.5
178,2015/10/25,23℃/17℃,多云/阴,东北风3-4级/东风3-4级,20
179,2015/10/26,24℃/14℃,阵雨/小雨,东风3-4级/西北风4-5级,19
180,2015/10/27,19℃/11℃,多云/多云,西北风4-5级/东风≤3级,15
181,2015/10/28,18℃/13℃,多云/阴,东风≤3级/东北风3-4级,15.5
182,2015/10/29,17℃/12℃,阴/阴,东北风3-4级/东北风3-4级,14.5
183,2015/10/30,18℃/11℃,多云/多云,东北风4-5级/东北风3-4级,14.5
184,2015/10/31,17℃/10℃,多云/小雨,东北风3-4级/东北风3-4级,13.5
185,2015/11/1,17℃/8℃,多云/晴,西北风3-4级/西风≤3级,12.5
186,2015/11/2,19℃/8℃,晴/晴,东风≤3级/东风≤3级,13.5
187,2015/11/3,20℃/13℃,多云/多云,东风3-4级/东南风3-4级,16.5
188,2015/11/4,20℃/14℃,阴/阴,东风3-4级/东风≤3级,17
189,2015/11/5,23℃/17℃,小雨/小雨,东风3-4级/东风3-4级,20
190,2015/11/6,25℃/16℃,小雨/小到中雨,东南风3-4级/东风3-4级,20.5
191,2015/11/7,15℃/12℃,小雨/小雨,西北风3-4级/北风3-4级,13.5
192,2015/11/8,16℃/9℃,小雨/阴,北风3-4级/西北风3-4级,12.5
193,2015/11/9,17℃/8℃,多云/多云,北风3-4级/东北风3-4级,12.5
194,2015/11/10,15℃/10℃,阴/多云,东北风3-4级/东风3-4级,12.5
195,2015/11/11,15℃/11℃,多云/阴,东风3-4级/东风3-4级,13
196,2015/11/12,15℃/12℃,小雨/小到中雨,东北风3-4级/东北风3-4级,13.5
197,2015/11/13,16℃/11℃,阴/阴,西北风3-4级/西风≤3级,13.5
198,2015/11/14,18℃/10℃,多云/多云,北风≤3级/东风≤3级,14
199,2015/11/15,18℃/14℃,阴/小到中雨,东风3-4级/东风3-4级,16
200,2015/11/16,18℃/13℃,阴/小雨,东北风3-4级/东北风3-4级,15.5
201,2015/11/17,16℃/12℃,小雨/小雨,东北风3-4级/东北风3-4级,14
202,2015/11/18,15℃/11℃,小雨/小雨,东北风3-4级/东北风3-4级,13
203,2015/11/19,12℃/10℃,小雨/阴,东北风3-4级/东风3-4级,11
204,2015/11/20,15℃/12℃,阴/阴,东风3-4级/东风3-4级,13.5
205,2015/11/21,15℃/13℃,阴/小雨,东风3-4级/东风3-4级,14
206,2015/11/22,17℃/14℃,小雨/小雨,东风3-4级/东风≤3级,15.5
207,2015/11/23,15℃/6℃,阴/小雨,东北风4-5级/东北风4-5级,10.5
208,2015/11/24,9℃/2℃,小到中雨/小到中雨,东北风5-6级/北风5-6级,5.5
209,2015/11/25,6℃/-1℃,阴/多云,西北风4-5级/西北风5-6级,2.5
210,2015/11/26,3℃/-4℃,晴/晴,西北风4-5级/西北风3-4级,-0.5
211,2015/11/27,5℃/2℃,晴/多云,东南风≤3级/南风≤3级,3.5
212,2015/11/28,12℃/7℃,多云/阴,南风≤3级/南风≤3级,9.5
213,2015/11/29,16℃/6℃,多云/晴,西风≤3级/东北风≤3级,11
214,2015/11/30,15℃/9℃,多云/多云,东风≤3级/东风≤3级,12
215,2015/12/1,17℃/7℃,多云/阴,东南风3-4级/西北风3-4级,12
216,2015/12/2,13℃/3℃,多云/晴,西北风4-5级/西北风4-5级,8
217,2015/12/3,10℃/-1℃,晴/晴,西北风4-5级/西北风3-4级,4.5
218,2015/12/4,10℃/4℃,晴/多云,西风≤3级/东南风≤3级,7
219,2015/12/5,8℃/2℃,阴/阴,东风≤3级/西风≤3级,5
220,2015/12/6,10℃/1℃,多云/晴,北风≤3级/东北风≤3级,5.5
221,2015/12/7,12℃/3℃,多云/晴,东风≤3级/东风≤3级,7.5
222,2015/12/8,14℃/8℃,晴/多云,东风3-4级/东南风3-4级,11
223,2015/12/9,12℃/9℃,小雨/小雨,东风3-4级/西北风3-4级,10.5
224,2015/12/10,12℃/8℃,小雨/阴,西北风3-4级/北风4-5级,10
225,2015/12/11,11℃/2℃,多云/多云,北风3-4级/东北风3-4级,6.5
226,2015/12/12,10℃/3℃,晴/多云,东北风≤3级/东北风≤3级,6.5
227,2015/12/13,8℃/3℃,阴/阴,北风≤3级/西北风≤3级,5.5
228,2015/12/14,10℃/4℃,多云/多云,西北风≤3级/西北风3-4级,7
229,2015/12/15,11℃/0℃,多云/多云,西北风3-4级/西北风4-5级,5.5
230,2015/12/16,6℃/-4℃,晴/晴,西北风5-6级/西北风4-5级,1
231,2015/12/17,6℃/-2℃,晴/晴,西北风≤3级/东北风≤3级,2
232,2015/12/18,7℃/-1℃,晴/多云,东风≤3级/东风≤3级,3
233,2015/12/19,9℃/5℃,多云/小雨,东风3-4级/东风3-4级,7
234,2015/12/20,8℃/1℃,小雨/阴,西风≤3级/西风3-4级,4.5
235,2015/12/21,11℃/5℃,多云/阴,东风≤3级/东风≤3级,8
236,2015/12/22,11℃/6℃,阴/雾,东风≤3级/北风≤3级,8.5
237,2015/12/23,11℃/7℃,阴/小雨,东北风≤3级/东北风3-4级,9
238,2015/12/24,9℃/5℃,小雨/阴,东北风≤3级/北风≤3级,7
239,2015/12/25,11℃/3℃,多云/晴,西风3-4级/西南风3-4级,7
240,2015/12/26,14℃/4℃,多云/多云,西南风≤3级/西风3-4级,9
241,2015/12/27,10℃/2℃,阴/多云,东北风4-5级/东北风3-4级,6
242,2015/12/28,7℃/0℃,多云/多云,东北风≤3级/东风≤3级,3.5
243,2015/12/29,9℃/1℃,多云/晴,东南风≤3级/东南风≤3级,5
244,2015/12/30,12℃/0℃,晴/晴,西风≤3级/西北风≤3级,6
245,2015/12/31,10℃/0℃,晴/晴,东北风≤3级/东风≤3级,5
246,2016/1/1,11℃/4℃,多云/多云,东南风≤3级/南风≤3级,7.5
247,2016/1/2,15℃/7℃,多云/小雨,西南风≤3级/西南风≤3级,11
248,2016/1/3,16℃/7℃,多云/阴,西南风≤3级/东北风≤3级,11.5
249,2016/1/4,13℃/6℃,小雨/小到中雨,东北风3-4级/东北风4-5级,9.5
250,2016/1/5,8℃/6℃,阴/阴,东北风4-5级/东北风4-5级,7
251,2016/1/6,8℃/3℃,阴/多云,北风3-4级/北风3-4级,5.5
252,2016/1/7,8℃/-1℃,阴/阴,北风3-4级/北风3-4级,3.5
253,2016/1/8,7℃/-1℃,多云/晴,北风≤3级/东风≤3级,3
254,2016/1/9,9℃/3℃,多云/阴,东风≤3级/东风≤3级,6
255,2016/1/10,10℃/3℃,小雨/小雨,东风3-4级/东北风3-4级,6.5
256,2016/1/11,6℃/0℃,小雨/雨夹雪,东北风4-5级/东北风4-5级,3
257,2016/1/12,4℃/-2℃,阴/阴,东北风3-4级/东北风3-4级,1
258,2016/1/13,5℃/-3℃,多云/多云,西风3-4级/西风≤3级,1
259,2016/1/14,8℃/-2℃,多云/多云,西南风≤3级/南风≤3级,3
260,2016/1/15,9℃/-2℃,晴/晴,东南风≤3级/东南风≤3级,3.5
261,2016/1/16,11℃/3℃,多云/小雨,东风≤3级/东北风≤3级,7
262,2016/1/17,8℃/-1℃,阴/晴,北风4-5级/北风4-5级,3.5
263,2016/1/18,5℃/-4℃,晴/晴,北风4-5级/北风3-4级,0.5
264,2016/1/19,4℃/-4℃,晴/多云,东风3-4级/东北风3-4级,0
265,2016/1/20,4℃/0℃,雨夹雪/中到大雪,东风3-4级/东风3-4级,2
266,2016/1/21,1℃/-1℃,小雪/小雪,东风3-4级/东北风3-4级,0
267,2016/1/22,2℃/-5℃,小到中雪/小雪,东北风4-5级/东北风4-5级,-1.5
268,2016/1/23,0℃/-9℃,阴/多云,西北风5-6级/西北风5-6级,-4.5
269,2016/1/24,-5℃/-8℃,晴/晴,西北风5-6级/西北风5-6级,-6.5
270,2016/1/25,2℃/-6℃,晴/晴,西南风3-4级/西风3-4级,-2
271,2016/1/26,6℃/-2℃,晴/多云,南风3-4级/南风≤3级,2
272,2016/1/27,8℃/4℃,多云/小雨,东南风≤3级/东风≤3级,6
273,2016/1/28,6℃/3℃,小雨/小到中雨,东北风3-4级/东北风3-4级,4.5
274,2016/1/29,5℃/0℃,小雨/雨夹雪,东北风4-5级/东北风4-5级,2.5
275,2016/1/30,4℃/-1℃,雨夹雪/阴,东北风3-4级/东北风3-4级,1.5
276,2016/1/31,4℃/-3℃,雨夹雪/小雪,东北风3-4级/东北风4-5级,0.5
277,2016/2/1,2℃/-4℃,多云/多云,西北风3-4级/西北风3-4级,-1
278,2016/2/2,5℃/-4℃,多云/多云,西北风≤3级/东风≤3级,0.5
279,2016/2/3,7℃/-3℃,晴/多云,东风≤3级/东风≤3级,2
280,2016/2/4,7℃/-1℃,阴/阴,东北风≤3级/北风≤3级,3
281,2016/2/5,9℃/-2℃,多云/阴,西北风3-4级/西北风3-4级,3.5
282,2016/2/6,7℃/-3℃,多云/晴,西北风3-4级/西风3-4级,2
283,2016/2/7,11℃/-2℃,多云/多云,西南风3-4级/西风3-4级,4.5
284,2016/2/8,15℃/3℃,晴/晴,西南风3-4级/西南风3-4级,9
285,2016/2/9,17℃/6℃,多云/多云,东南风3-4级/南风3-4级,11.5
286,2016/2/10,21℃/11℃,多云/阵雨,南风3-4级/南风3-4级,16
287,2016/2/11,20℃/11℃,雷阵雨/多云,南风≤3级/东南风≤3级,15.5
288,2016/2/12,16℃/6℃,雷阵雨/小到中雨,东南风3-4级/南风4-5级,11
289,2016/2/13,11℃/1℃,阵雨/阴,西北风5-6级/西北风5-6级,6
290,2016/2/14,5℃/-4℃,阴/多云,西北风4-5级/西北风3-4级,0.5
291,2016/2/15,7℃/-1℃,晴/晴,西风3-4级/西风3-4级,3
292,2016/2/16,10℃/1℃,多云/晴,西风3-4级/西风≤3级,5.5
293,2016/2/17,12℃/3℃,多云/多云,西南风≤3级/南风3-4级,7.5
294,2016/2/18,16℃/4℃,多云/多云,西南风3-4级/东风3-4级,10
295,2016/2/19,13℃/3℃,阴/多云,西北风3-4级/北风3-4级,8
296,2016/2/20,12℃/0℃,多云/多云,北风3-4级/东风3-4级,6
297,2016/2/21,11℃/5℃,阴/小雨,东风3-4级/东风3-4级,8
298,2016/2/22,8℃/4℃,小雨/阴,东风3-4级/东北风≤3级,6
299,2016/2/23,11℃/1℃,多云/阴,东北风4-5级/东北风3-4级,6
300,2016/2/24,10℃/1℃,晴/多云,东北风3-4级/南风≤3级,5.5
301,2016/2/25,13℃/3℃,多云/多云,南风≤3级/南风≤3级,8
302,2016/2/26,17℃/6℃,多云/多云,西南风3-4级/西南风≤3级,11.5
303,2016/2/27,19℃/8℃,晴/晴,西南风3-4级/西南风3-4级,13.5
304,2016/2/28,16℃/2℃,多云/多云,西北风4-5级/北风3-4级,9
305,2016/2/29,11℃/0℃,晴/晴,北风3-4级/东风3-4级,5.5
306,2016/3/1,13℃/4℃,晴/多云,东南风3-4级/东南风≤3级,8.5
307,2016/3/2,18℃/7℃,多云/多云,东南风≤3级/南风≤3级,12.5
308,2016/3/3,19℃/11℃,阴/小雨,南风≤3级/东南风≤3级,15
309,2016/3/4,20℃/13℃,阵雨/阴,南风3-4级/东南风3-4级,16.5
310,2016/3/5,19℃/10℃,阵雨/阴,西风3-4级/东北风3-4级,14.5
311,2016/3/6,20℃/9℃,多云/多云,东北风3-4级/东南风3-4级,14.5
312,2016/3/7,21℃/3℃,阴/小雨,东南风3-4级/东北风4-5级,12
313,2016/3/8,8℃/2℃,中到大雨/小雨,东北风4-5级/东北风5-6级,5
314,2016/3/9,7℃/1℃,阴/阴,东北风4-5级/东北风4-5级,4
315,2016/3/10,7℃/0℃,多云/多云,东北风4-5级/西南风3-4级,3.5
316,2016/3/11,11℃/2℃,多云/多云,西南风≤3级/东南风3-4级,6.5
317,2016/3/12,14℃/7℃,多云/小雨,东南风3-4级/东南风3-4级,10.5
318,2016/3/13,15℃/5℃,小雨/多云,东北风3-4级/北风≤3级,10
319,2016/3/14,14℃/4℃,晴/多云,东风3-4级/东风3-4级,9
320,2016/3/15,14℃/6℃,多云/阴,东南风3-4级/东南风3-4级,10
321,2016/3/16,18℃/10℃,多云/阴,东风≤3级/东风≤3级,14
322,2016/3/17,17℃/12℃,小雨/阵雨,东南风≤3级/东风≤3级,14.5
323,2016/3/18,18℃/12℃,阴/阴,西风≤3级/东北风≤3级,15
324,2016/3/19,19℃/8℃,多云/多云,东北风3-4级/东风3-4级,13.5
325,2016/3/20,18℃/7℃,多云/多云,东风3-4级/东风3-4级,12.5
326,2016/3/21,17℃/8℃,多云/多云,东风3-4级/东风3-4级,12.5
327,2016/3/22,16℃/10℃,多云/阴,东风3-4级/东北风3-4级,13
328,2016/3/23,14℃/4℃,多云/多云,东北风4-5级/东北风4-5级,9
329,2016/3/24,12℃/4℃,多云/多云,东北风4-5级/东北风3-4级,8
330,2016/3/25,15℃/3℃,多云/多云,北风3-4级/南风≤3级,9
331,2016/3/26,15℃/4℃,阵雨/多云,西北风3-4级/西风3-4级,9.5
332,2016/3/27,18℃/6℃,多云/晴,西风3-4级/西风3-4级,12
333,2016/3/28,21℃/10℃,多云/多云,西南风3-4级/西南风3-4级,15.5
334,2016/3/29,21℃/13℃,多云/阴,西南风3-4级/西南风≤3级,17
335,2016/3/30,19℃/13℃,阵雨/阵雨,南风≤3级/南风≤3级,16
336,2016/3/31,19℃/10℃,阴/多云,东南风3-4级/南风≤3级,14.5
337,2016/4/1,25℃/14℃,多云/多云,南风3-4级/东南风3-4级,19.5
338,2016/4/2,21℃/13℃,小到中雨/中雨,东南风3-4级/东北风3-4级,17
339,2016/4/3,15℃/10℃,小到中雨/阴,东北风4-5级/东北风3-4级,12.5
340,2016/4/4,18℃/11℃,多云/多云,东风3-4级/东风3-4级,14.5
341,2016/4/5,18℃/13℃,阵雨/中到大雨,东风3-4级/东风3-4级,15.5
342,2016/4/6,16℃/12℃,中到大雨/中雨,东北风4-5级/北风3-4级,14
343,2016/4/7,19℃/12℃,阴/多云,南风≤3级/东南风≤3级,15.5
344,2016/4/8,24℃/13℃,多云/多云,东风≤3级/东风≤3级,18.5
345,2016/4/9,24℃/14℃,阴/多云,东南风≤3级/东南风≤3级,19
346,2016/4/10,25℃/12℃,多云/多云,东风≤3级/东风3-4级,18.5
347,2016/4/11,21℃/14℃,多云/阴,东南风3-4级/东风3-4级,17.5
348,2016/4/12,24℃/16℃,多云/多云,东风3-4级/东南风≤3级,20
349,2016/4/13,27℃/17℃,多云/多云,东风≤3级/东风≤3级,22
350,2016/4/14,28℃/16℃,多云/多云,东风3-4级/东风3-4级,22
351,2016/4/15,24℃/16℃,多云/中雨,东南风4-5级/东南风3-4级,20
352,2016/4/16,20℃/12℃,中到大雨/阴,东南风4-5级/西北风3-4级,16
353,2016/4/17,20℃/11℃,多云/阴,西风3-4级/南风≤3级,15.5
354,2016/4/18,23℃/12℃,晴/晴,西南风4-5级/东南风3-4级,17.5
355,2016/4/19,24℃/15℃,多云/雷阵雨,东南风4-5级/东南风4-5级,19.5
356,2016/4/20,18℃/15℃,暴雨/阵雨,东南风4-5级/北风3-4级,16.5
357,2016/4/21,25℃/15℃,多云/多云,西北风3-4级/西南风3-4级,20
358,2016/4/22,27℃/15℃,多云/雷阵雨,南风3-4级/东风3-4级,21
359,2016/4/23,17℃/14℃,阵雨/阴,东风4-5级/东风3-4级,15.5
360,2016/4/24,18℃/13℃,阴/阴,东风3-4级/东风3-4级,15.5
361,2016/4/25,21℃/14℃,阴/雷阵雨,东南风3-4级/东风3-4级,17.5
362,2016/4/26,17℃/12℃,阵雨/阵雨,东风3-4级/东北风3-4级,14.5
363,2016/4/27,15℃/11℃,小雨/多云,西北风3-4级/西北风3-4级,13
364,2016/4/28,23℃/12℃,多云/晴,西北风3-4级/东南风≤3级,17.5
365,2016/4/29,25℃/15℃,晴/晴,南风3-4级/南风3-4级,20
366,2016/4/30,28℃/17℃,晴/晴,南风3-4级/南风3-4级,22.5
367,2016/5/1,29℃/20℃,多云/雷阵雨,南风3-4级/南风3-4级,24.5
368,2016/5/2,25℃/16℃,中雨/雷阵雨,南风3-4级/西风3-4级,20.5
369,2016/5/3,25℃/14℃,晴/晴,西风4-5级/西南风3-4级,19.5
370,2016/5/4,29℃/19℃,多云/阴,南风3-4级/东南风3-4级,24
371,2016/5/5,25℃/20℃,小到中雨/阴,东南风3-4级/南风3-4级,22.5
372,2016/5/6,27℃/18℃,阴/阴,西风3-4级/东风3-4级,22.5
373,2016/5/7,20℃/14℃,雷阵雨/阴,东风3-4级/东北风3-4级,17
374,2016/5/8,19℃/15℃,阴/阴,东风3-4级/东风≤3级,17
375,2016/5/9,20℃/14℃,阵雨/阵雨,东北风3-4级/东北风3-4级,17
376,2016/5/10,22℃/13℃,多云/晴,北风3-4级/西风3-4级,17.5
377,2016/5/11,27℃/15℃,晴/晴,南风3-4级/东南风3-4级,21
378,2016/5/12,30℃/17℃,晴/阴,南风3-4级/东北风4-5级,23.5
379,2016/5/13,23℃/15℃,阴/多云,东北风4-5级/东风3-4级,19
380,2016/5/14,25℃/15℃,阴/雷阵雨,东风3-4级/东南风3-4级,20
381,2016/5/15,16℃/12℃,小到中雨/阴,西北风4-5级/西北风3-4级,14
382,2016/5/16,25℃/13℃,晴/晴,西风≤3级/东南风≤3级,19
383,2016/5/17,26℃/14℃,晴/晴,东南风3-4级/东南风3-4级,20
384,2016/5/18,25℃/15℃,多云/多云,东南风3-4级/东风3-4级,20
385,2016/5/19,26℃/18℃,多云/多云,东风3-4级/东风3-4级,22
386,2016/5/20,23℃/17℃,阵雨/中雨,东风4-5级/东风4-5级,20
387,2016/5/21,19℃/17℃,小到中雨/小雨,东北风4-5级/东北风4-5级,18
388,2016/5/22,20℃/16℃,阴/阴,东北风4-5级/北风3-4级,18
389,2016/5/23,23℃/16℃,阴/阴,西风≤3级/西风≤3级,19.5
390,2016/5/24,26℃/17℃,多云/多云,西南风3-4级/南风3-4级,21.5
391,2016/5/25,28℃/21℃,多云/雷阵雨,东南风≤3级/南风3-4级,24.5
392,2016/5/26,26℃/19℃,雷阵雨/小到中雨,西风3-4级/南风3-4级,22.5
393,2016/5/27,22℃/19℃,小到中雨/阵雨,东风3-4级/东风3-4级,20.5
394,2016/5/28,23℃/19℃,阵雨/阵雨,西北风≤3级/西北风3-4级,21
395,2016/5/29,24℃/17℃,阴/多云,北风3-4级/东风3-4级,20.5
396,2016/5/30,27℃/21℃,多云/多云,东南风3-4级/东南风≤3级,24
397,2016/5/31,28℃/20℃,小到中雨/暴雨,东南风3-4级/东北风4-5级,24
398,2016/6/1,22℃/17℃,阵雨/阵雨,东北风4-5级/东风3-4级,19.5
399,2016/6/2,25℃/19℃,多云/阵雨,东风≤3级/东风3-4级,22
400,2016/6/3,20℃/17℃,阵雨/阵雨,东风3-4级/东南风3-4级,18.5
401,2016/6/4,24℃/16℃,阴/多云,西北风3-4级/东风≤3级,20
402,2016/6/5,27℃/19℃,多云/多云,东南风3-4级/东南风4-5级,23
403,2016/6/6,28℃/19℃,雷阵雨/中雨,东南风3-4级/东北风4-5级,23.5
404,2016/6/7,27℃/21℃,阴/阵雨,北风≤3级/东北风≤3级,24
405,2016/6/8,26℃/19℃,阵雨/阴,东北风3-4级/东风3-4级,22.5
406,2016/6/9,27℃/20℃,多云/多云,东北风3-4级/东风≤3级,23.5
407,2016/6/10,30℃/22℃,多云/阴,东南风3-4级/东风3-4级,26
408,2016/6/11,30℃/23℃,多云/雷阵雨,东风≤3级/东风3-4级,26.5
409,2016/6/12,27℃/20℃,雷阵雨/多云,东风3-4级/东风≤3级,23.5
410,2016/6/13,30℃/22℃,多云/多云,东南风≤3级/东南风3-4级,26
411,2016/6/14,33℃/25℃,多云/多云,西南风3-4级/南风≤3级,29
412,2016/6/15,31℃/21℃,雷阵雨/阴,西北风3-4级/西北风3-4级,26
413,2016/6/16,29℃/21℃,多云/多云,西风3-4级/西南风3-4级,25
414,2016/6/17,32℃/22℃,晴/晴,南风3-4级/南风3-4级,27
415,2016/6/18,32℃/24℃,多云/雷阵雨,南风3-4级/南风3-4级,28
416,2016/6/19,30℃/25℃,雷阵雨/小到中雨,西南风3-4级/西南风3-4级,27.5
417,2016/6/20,28℃/24℃,中雨/中雨,南风3-4级/南风3-4级,26
418,2016/6/21,31℃/26℃,中到大雨/中雨,南风3-4级/西南风3-4级,28.5
419,2016/6/22,32℃/25℃,中雨/阴,西南风3-4级/西南风≤3级,28.5
420,2016/6/23,33℃/24℃,雷阵雨/雷阵雨,西南风3-4级/西南风3-4级,28.5
421,2016/6/24,28℃/21℃,中雨/阵雨,北风3-4级/西风≤3级,24.5
422,2016/6/25,27℃/19℃,雷阵雨/多云,西南风3-4级/西南风3-4级,23
423,2016/6/26,28℃/21℃,多云/小到中雨,东南风3-4级/东南风3-4级,24.5
424,2016/6/27,25℃/20℃,雷阵雨/中雨,东南风3-4级/西南风3-4级,22.5
425,2016/6/28,24℃/21℃,雷阵雨/雷阵雨,南风3-4级/南风3-4级,22.5
426,2016/6/29,29℃/22℃,雷阵雨/阴,西南风3-4级/西南风3-4级,25.5
427,2016/6/30,32℃/25℃,多云/中雨,南风3-4级/南风3-4级,28.5
428,2016/7/1,28℃/25℃,中雨/大雨,西南风4-5级/西南风3-4级,26.5
429,2016/7/2,24℃/22℃,大雨/暴雨,东南风4-5级/东南风3-4级,23
430,2016/7/3,25℃/22℃,大雨/大到暴雨,南风3-4级/东风4-5级,23.5
431,2016/7/4,25℃/23℃,大雨/大雨,东南风4-5级/东风3-4级,24
432,2016/7/5,27℃/23℃,中雨/中雨,东北风3-4级/东风3-4级,25
433,2016/7/6,27℃/25℃,雷阵雨/雷阵雨,东风3-4级/东风3-4级,26
434,2016/7/7,29℃/24℃,中雨/阴,东南风3-4级/东风4-5级,26.5
435,2016/7/8,32℃/25℃,多云/多云,东风3-4级/东风3-4级,28.5
436,2016/7/9,30℃/24℃,多云/阵雨,东风3-4级/东风4-5级,27
437,2016/7/10,29℃/24℃,雷阵雨/雷阵雨,东风4-5级/东北风5-6级,26.5
438,2016/7/11,30℃/24℃,雷阵雨/阴,东北风4-5级/北风≤3级,27
439,2016/7/12,32℃/26℃,多云/多云,北风≤3级/南风≤3级,29
440,2016/7/13,32℃/26℃,中雨/雷阵雨,南风3-4级/南风3-4级,29
441,2016/7/14,30℃/25℃,中雨/雷阵雨,南风≤3级/南风≤3级,27.5
442,2016/7/15,30℃/22℃,中到大雨/雷阵雨,南风3-4级/西北风3-4级,26
443,2016/7/16,29℃/23℃,多云/多云,西风3-4级/南风3-4级,26
444,2016/7/17,31℃/24℃,雷阵雨/雷阵雨,南风3-4级/南风3-4级,27.5
445,2016/7/18,30℃/25℃,雷阵雨/阴,东南风3-4级/东南风3-4级,27.5
446,2016/7/19,32℃/27℃,雷阵雨/多云,东南风3-4级/东南风3-4级,29.5
447,2016/7/20,35℃/28℃,多云/多云,西南风4-5级/西南风3-4级,31.5
448,2016/7/21,35℃/28℃,多云/晴,南风4-5级/南风3-4级,31.5
449,2016/7/22,36℃/29℃,多云/晴,西南风4-5级/南风3-4级,32.5
450,2016/7/23,38℃/28℃,多云/晴,西南风3-4级/西南风≤3级,33
451,2016/7/24,38℃/29℃,晴/晴,西南风3-4级/东南风≤3级,33.5
452,2016/7/25,39℃/29℃,晴/晴,南风3-4级/南风≤3级,34
453,2016/7/26,39℃/29℃,晴/晴,西南风3-4级/西风≤3级,34
454,2016/7/27,37℃/30℃,多云/晴,西南风3-4级/西南风≤3级,33.5
455,2016/7/28,38℃/29℃,多云/晴,西南风3-4级/西南风≤3级,33.5
456,2016/7/29,38℃/29℃,多云/晴,西南风3-4级/南风≤3级,33.5
457,2016/7/30,37℃/28℃,多云/晴,东南风3-4级/东南风≤3级,32.5
458,2016/7/31,36℃/28℃,多云/多云,东风3-4级/东风3-4级,32
459,2016/8/1,36℃/27℃,多云/多云,东风3-4级/东风3-4级,31.5
460,2016/8/2,35℃/26℃,雷阵雨/雷阵雨,东风3-4级/东风3-4级,30.5
461,2016/8/3,31℃/25℃,雷阵雨/多云,东风3-4级/西南风3-4级,28
462,2016/8/4,31℃/26℃,雷阵雨/多云,西南风3-4级/东风3-4级,28.5
463,2016/8/5,32℃/26℃,雷阵雨/多云,东北风3-4级/东北风3-4级,29
464,2016/8/6,32℃/26℃,雷阵雨/多云,东风3-4级/东风≤3级,29
465,2016/8/7,33℃/26℃,雷阵雨/多云,东风3-4级/东风3-4级,29.5
466,2016/8/8,34℃/27℃,多云/多云,东风3-4级/东风3-4级,30.5
467,2016/8/9,34℃/27℃,多云/多云,东风4-5级/东风3-4级,30.5
468,2016/8/10,34℃/27℃,多云/多云,东风4-5级/东风3-4级,30.5
469,2016/8/11,35℃/27℃,多云/多云,东风4-5级/东风3-4级,31
470,2016/8/12,35℃/27℃,多云/晴,东风3-4级/东风3-4级,31
471,2016/8/13,35℃/28℃,晴/多云,东风3-4级/东风3-4级,31.5
472,2016/8/14,36℃/27℃,多云/晴,东风3-4级/东风3-4级,31.5
473,2016/8/15,35℃/27℃,晴/多云,东风3-4级/东风3-4级,31
474,2016/8/16,35℃/27℃,晴/多云,东风3-4级/东风3-4级,31
475,2016/8/17,35℃/27℃,多云/多云,东风3-4级/东风3-4级,31
476,2016/8/18,36℃/28℃,多云/多云,东风3-4级/东南风3-4级,32
477,2016/8/19,37℃/28℃,晴/多云,东南风≤3级/北风≤3级,32.5
478,2016/8/20,35℃/27℃,雷阵雨/阴,北风3-4级/北风≤3级,31
479,2016/8/21,33℃/27℃,雷阵雨/阴,东北风3-4级/东北风≤3级,30
480,2016/8/22,34℃/27℃,多云/多云,东风3-4级/东风3-4级,30.5
481,2016/8/23,34℃/26℃,多云/多云,东风3-4级/东风3-4级,30
482,2016/8/24,34℃/25℃,多云/晴,东风3-4级/东风3-4级,29.5
483,2016/8/25,34℃/25℃,多云/多云,东风3-4级/东北风3-4级,29.5
484,2016/8/26,29℃/23℃,阴/阴,东北风4-5级/北风4-5级,26
485,2016/8/27,29℃/20℃,多云/晴,北风4-5级/北风3-4级,24.5
486,2016/8/28,30℃/19℃,晴/晴,北风3-4级/北风3-4级,24.5
487,2016/8/29,30℃/20℃,晴/晴,北风3-4级/北风3-4级,25
488,2016/8/30,31℃/21℃,晴/多云,西北风3-4级/西北风3-4级,26
489,2016/8/31,32℃/22℃,多云/多云,西南风4-5级/西风4-5级,27
490,2016/9/1,33℃/22℃,多云/晴,西南风4-5级/西南风3-4级,27.5
491,2016/9/2,34℃/22℃,晴/晴,西风3-4级/东南风3-4级,28
492,2016/9/3,34℃/23℃,多云/多云,东南风4-5级/东南风3-4级,28.5
493,2016/9/4,32℃/22℃,多云/多云,东风3-4级/东风≤3级,27
494,2016/9/5,33℃/24℃,多云/阴,东风≤3级/东风≤3级,28.5
495,2016/9/6,27℃/22℃,阵雨/阵雨,东北风3-4级/东风≤3级,24.5
496,2016/9/7,29℃/22℃,阴/多云,东风≤3级/东风≤3级,25.5
497,2016/9/8,30℃/21℃,多云/多云,西风≤3级/东南风≤3级,25.5
498,2016/9/9,32℃/23℃,多云/阴,东风3-4级/东南风3-4级,27.5
499,2016/9/10,30℃/21℃,阴/阴,东南风3-4级/东南风3-4级,25.5
500,2016/9/11,30℃/20℃,多云/多云,东南风3-4级/东风≤3级,25
501,2016/9/12,30℃/20℃,多云/多云,东风3-4级/东风≤3级,25
502,2016/9/13,30℃/21℃,多云/多云,东风3-4级/东风3-4级,25.5
503,2016/9/14,29℃/21℃,多云/阵雨,东风3-4级/东风3-4级,25
504,2016/9/15,24℃/22℃,大雨/暴雨,东风4-5级/东风4-5级,23
505,2016/9/16,23℃/21℃,暴雨/阴,东风5-6级/西北风5-6级,22
506,2016/9/17,27℃/20℃,阴/多云,东北风4-5级/北风4-5级,23.5
507,2016/9/18,28℃/20℃,多云/多云,北风4-5级/北风4-5级,24
508,2016/9/19,26℃/17℃,多云/晴,北风4-5级/北风4-5级,21.5
509,2016/9/20,25℃/18℃,多云/多云,北风3-4级/北风3-4级,21.5
510,2016/9/21,25℃/18℃,阴/多云,东北风3-4级/东南风3-4级,21.5
511,2016/9/22,26℃/18℃,多云/晴,东风3-4级/东风3-4级,22
512,2016/9/23,28℃/19℃,多云/多云,东南风3-4级/东南风3-4级,23.5
513,2016/9/24,29℃/21℃,多云/多云,东南风3-4级/东风3-4级,25
514,2016/9/25,29℃/22℃,多云/多云,东风3-4级/东风3-4级,25.5
515,2016/9/26,30℃/23℃,多云/多云,东风3-4级/东风3-4级,26.5
516,2016/9/27,30℃/23℃,雷阵雨/雷阵雨,东风4-5级/东北风4-5级,26.5
517,2016/9/28,23℃/19℃,阵雨/中雨,东北风4-5级/东北风4-5级,21
518,2016/9/29,20℃/18℃,中雨/大雨,东北风4-5级/东北风4-5级,19
519,2016/9/30,21℃/19℃,大雨/阵雨,北风4-5级/西北风3-4级,20
520,2016/10/1,24℃/19℃,阵雨/阵雨,东风≤3级/西风≤3级,21.5
521,2016/10/2,24℃/20℃,阵雨/阵雨,西北风≤3级/北风≤3级,22
522,2016/10/3,26℃/18℃,多云/多云,东北风≤3级/东北风≤3级,22
523,2016/10/4,27℃/18℃,多云/多云,东北风≤3级/东北风≤3级,22.5
524,2016/10/5,27℃/20℃,多云/多云,东北风≤3级/东北风3-4级,23.5
525,2016/10/6,25℃/19℃,多云/阵雨,东风3-4级/东风3-4级,22
526,2016/10/7,20℃/17℃,中雨/小到中雨,东北风3-4级/东北风3-4级,18.5
527,2016/10/8,22℃/14℃,多云/晴,北风4-5级/北风4-5级,18
528,2016/10/9,21℃/14℃,多云/多云,东北风4-5级/东北风3-4级,17.5
529,2016/10/10,20℃/16℃,多云/阴,东北风3-4级/东北风3-4级,18
530,2016/10/11,20℃/16℃,阴/阴,东北风3-4级/东北风3-4级,18
531,2016/10/12,19℃/16℃,阴/阴,东北风3-4级/东北风≤3级,17.5
532,2016/10/13,20℃/16℃,阴/阵雨,东北风3-4级/东北风3-4级,18
533,2016/10/14,19℃/17℃,阴/阵雨,东风3-4级/东风3-4级,18
534,2016/10/15,22℃/18℃,阵雨/阵雨,东风4-5级/东南风3-4级,20
535,2016/10/16,24℃/17℃,阴/多云,西北风3-4级/北风≤3级,20.5
536,2016/10/17,23℃/18℃,多云/阴,东北风≤3级/东北风3-4级,20.5
537,2016/10/18,22℃/18℃,阴/阴,东北风3-4级/东风3-4级,20
538,2016/10/19,23℃/19℃,阴/小雨,东风3-4级/东风3-4级,21
539,2016/10/20,21℃/19℃,小到中雨/中雨,东风4-5级/东风3-4级,20
540,2016/10/21,21℃/19℃,小到中雨/中到大雨,东风4-5级/东北风4-5级,20
541,2016/10/22,21℃/18℃,中到大雨/小雨,东北风4-5级/东北风4-5级,19.5
542,2016/10/23,20℃/15℃,阴/阴,东北风4-5级/北风3-4级,17.5
543,2016/10/24,21℃/16℃,阴/阵雨,东风3-4级/西北风3-4级,18.5
544,2016/10/25,18℃/15℃,阴/中雨,北风3-4级/东风3-4级,16.5
545,2016/10/26,18℃/16℃,大雨/中雨,东北风3-4级/东风4-5级,17
546,2016/10/27,18℃/13℃,中到大雨/小雨,东北风4-5级/东北风3-4级,15.5
547,2016/10/28,15℃/11℃,小到中雨/小雨,北风4-5级/北风4-5级,13
548,2016/10/29,12℃/8℃,小雨/阴,北风3-4级/北风≤3级,10
549,2016/10/30,17℃/13℃,多云/小雨,东风3-4级/东风3-4级,15
550,2016/10/31,14℃/7℃,小雨/阴,东北风4-5级/东北风4-5级,10.5
551,2016/11/1,15℃/5℃,多云/晴,东北风3-4级/东北风≤3级,10
552,2016/11/2,16℃/8℃,晴/晴,东风≤3级/东南风≤3级,12
553,2016/11/3,18℃/8℃,晴/晴,东南风≤3级/南风≤3级,13
554,2016/11/4,21℃/10℃,晴/多云,南风3-4级/西南风≤3级,15.5
555,2016/11/5,23℃/11℃,多云/晴,西南风3-4级/东风≤3级,17
556,2016/11/6,23℃/13℃,多云/阴,东风3-4级/东风3-4级,18
557,2016/11/7,18℃/11℃,小雨/小雨,东北风3-4级/北风4-5级,14.5
558,2016/11/8,11℃/7℃,阴/多云,东北风4～5级/东北风3～4级,9
559,2016/11/9,12℃/8℃,阴/阴,东北风3～4级/东北风3～4级,10
560,2016/11/10,12℃/6℃,阴/晴,西南风3-4级/西南风≤3级,9
561,2016/11/11,18℃/9℃,多云/多云,南风≤3级/南风≤3级,13.5
562,2016/11/12,18℃/11℃,多云/阴,南风3-4级/东南风≤3级,14.5
563,2016/11/13,20℃/13℃,多云/阴,东南风≤3级/东南风≤3级,16.5
564,2016/11/14,21℃/11℃,阴/多云,北风3-4级/北风3-4级,16
565,2016/11/15,17℃/9℃,多云/阴,东风3-4级/东风3-4级,13
566,2016/11/16,15℃/11℃,小雨/小雨,东风3-4级/东风≤3级,13
567,2016/11/17,16℃/14℃,小雨/小雨,东风3-4级/东风3-4级,15
568,2016/11/18,19℃/15℃,小雨/小到中雨,西风≤3级/东北风≤3级,17
569,2016/11/19,19℃/15℃,阴/阴,西北风≤3级/东北风3-4级,17
570,2016/11/20,18℃/14℃,小雨/小雨,东北风3-4级/东风3-4级,16
571,2016/11/21,16℃/9℃,小雨/小雨,东北风4-5级/东北风4-5级,12.5
572,2016/11/22,6℃/2℃,小雨/雨夹雪,北风5-6级/北风5-6级,4
573,2016/11/23,3℃/-1℃,雨夹雪/多云,北风4-5级/北风3-4级,1
574,2016/11/24,5℃/-1℃,多云/多云,北风3-4级/东北风3-4级,2
575,2016/11/25,9℃/4℃,多云/小雨,东风3-4级/东风3-4级,6.5
576,2016/11/26,9℃/1℃,小雨/多云,西北风3-4级/西北风3-4级,5
577,2016/11/27,13℃/3℃,晴/晴,东北风3-4级/东北风3-4级,8
578,2016/11/28,12℃/3℃,多云/多云,东北风3-4级/东北风3-4级,7.5
579,2016/11/29,12℃/7℃,多云/小雨,东风3-4级/东北风3-4级,9.5
580,2016/11/30,13℃/4℃,多云/多云,西风3-4级/西北风3-4级,8.5
581,2016/12/1,14℃/4℃,晴/多云,西北风≤3级/东北风≤3级,9
582,2016/12/2,14℃/5℃,多云/多云,东风3-4级/东风≤3级,9.5
583,2016/12/3,14℃/7℃,多云/阴,东南风3-4级/西南风3-4级,10.5
584,2016/12/4,17℃/6℃,多云/多云,西南风3-4级/西南风3-4级,11.5
585,2016/12/5,18℃/4℃,多云/多云,西北风4-5级/北风4-5级,11
586,2016/12/6,10℃/2℃,晴/多云,西南风3-4级/西南风3-4级,6
587,2016/12/7,14℃/4℃,晴/多云,西风3-4级/东风3-4级,9
588,2016/12/8,17℃/5℃,晴/晴,东南风3-4级/北风3-4级,11
589,2016/12/9,13℃/5℃,晴/多云,东北风3-4级/东北风3-4级,9
590,2016/12/10,11℃/6℃,多云/多云,东风3-4级/东风3-4级,8.5
591,2016/12/11,12℃/7℃,阴/阴,东风4-5级/东风3-4级,9.5
592,2016/12/12,14℃/9℃,阴/小雨,东风3-4级/北风3-4级,11.5
593,2016/12/13,11℃/3℃,小雨/阴,北风4-5级/北风5-6级,7
594,2016/12/14,6℃/-2℃,多云/晴,北风4-5级/北风3-4级,2
595,2016/12/15,8℃/0℃,晴/多云,西北风3-4级/西北风3-4级,4
596,2016/12/16,9℃/-1℃,多云/晴,北风3-4级/东南风3-4级,4
597,2016/12/17,12℃/1℃,晴/多云,东南风3-4级/东南风3-4级,6.5
598,2016/12/18,14℃/4℃,多云/多云,东南风≤3级/东风≤3级,9
599,2016/12/19,16℃/9℃,多云/小雨,东北风3-4级/东北风≤3级,12.5
600,2016/12/20,12℃/10℃,小雨/小到中雨,东北风3-4级/东北风3-4级,11
601,2016/12/21,12℃/6℃,中雨/阴,西北风4-5级/西北风4-5级,9
602,2016/12/22,11℃/2℃,阴/多云,西北风4-5级/西北风3-4级,6.5
603,2016/12/23,10℃/3℃,多云/多云,北风3-4级/东风3-4级,6.5
604,2016/12/24,7℃/4℃,阴/小雨,东风3-4级/东风3-4级,5.5
605,2016/12/25,9℃/7℃,小雨/小到中雨,东风3-4级/东风3-4级,8
606,2016/12/26,8℃/2℃,小雨/阴,北风3-4级/北风4-5级,5
607,2016/12/27,6℃/-2℃,多云/晴,东北风4-5级/东北风3-4级,2
608,2016/12/28,7℃/-2℃,多云/晴,东北风≤3级/东北风≤3级,2.5
609,2016/12/29,7℃/-1℃,晴/晴,东北风3-4级/东风≤3级,3
610,2016/12/30,9℃/0℃,多云/多云,东南风≤3级/东风≤3级,4.5
611,2016/12/31,12℃/1℃,晴/晴,东风≤3级/东南风3-4级,6.5
612,2017/1/1,15℃/4℃,多云/阴,东南风3-4级/北风≤3级,9.5
613,2017/1/2,14℃/4℃,多云/多云,北风≤3级/东风≤3级,9
614,2017/1/3,13℃/5℃,多云/阴,东风≤3级/东风≤3级,9
615,2017/1/4,12℃/9℃,小雨/中雨,东风≤3级/东风3-4级,10.5
616,2017/1/5,11℃/8℃,中雨/小雨,东风3-4级/东风4-5级,9.5
617,2017/1/6,11℃/7℃,小雨/小到中雨,东北风4-5级/东风4-5级,9
618,2017/1/7,11℃/6℃,小雨/阴,西北风4-5级/西风4-5级,8.5
619,2017/1/8,8℃/1℃,阴/多云,西风4-5级/西北风3-4级,4.5
620,2017/1/9,8℃/2℃,多云/多云,北风3-4级/东北风3-4级,5
621,2017/1/10,8℃/4℃,阴/阴,东北风3-4级/东风≤3级,6
622,2017/1/11,8℃/4℃,多云/小雨,东北风≤3级/北风≤3级,6
623,2017/1/12,10℃/0℃,阴/多云,西风3-4级/西风3-4级,5
624,2017/1/13,11℃/-1℃,晴/晴,西南风3-4级/北风3-4级,5
625,2017/1/14,7℃/0℃,晴/多云,东风3-4级/东风3-4级,3.5
626,2017/1/15,6℃/0℃,多云/多云,东北风3-4级/东北风3-4级,3
627,2017/1/16,8℃/2℃,晴/多云,东风3-4级/东风3-4级,5
628,2017/1/17,9℃/3℃,多云/阴,东风3-4级/东北风3-4级,6
629,2017/1/18,7℃/5℃,小雨/小雨,东北风3-4级/东北风≤3级,6
630,2017/1/19,8℃/-2℃,阴/多云,北风3-4级/北风5-6级,3
631,2017/1/20,3℃/-4℃,晴/晴,北风5-6级/北风4-5级,-0.5
632,2017/1/21,7℃/-3℃,晴/晴,西南风3-4级/西风≤3级,2
633,2017/1/22,6℃/-3℃,晴/晴,东风3-4级/东风3-4级,1.5
634,2017/1/23,7℃/-1℃,晴/晴,东风3-4级/东风3-4级,3
635,2017/1/24,8℃/0℃,多云/多云,东风3-4级/东风3-4级,4
636,2017/1/25,10℃/1℃,多云/晴,东风3-4级/东南风3-4级,5.5
637,2017/1/26,14℃/2℃,多云/多云,南风3-4级/西南风3-4级,8
638,2017/1/27,10℃/3℃,多云/多云,东北风4-5级/东风3-4级,6.5
639,2017/1/28,13℃/6℃,阴/多云,东南风3-4级/东风3-4级,9.5
640,2017/1/29,12℃/-1℃,小雨/小雨,西北风4-5级/北风4-5级,5.5
641,2017/1/30,5℃/-3℃,多云/多云,东北风4-5级/东北风3-4级,1
642,2017/1/31,6℃/0℃,多云/小雨,东北风3-4级/东北风≤3级,3
643,2017/2/1,5℃/-2℃,多云/多云,东北风3-4级/东北风≤3级,1.5
644,2017/2/2,8℃/1℃,多云/小雨,东风3-4级/东风3-4级,4.5
645,2017/2/3,6℃/5℃,小雨/小雨,东风3-4级/西北风3-4级,5.5
646,2017/2/4,8℃/3℃,阴/多云,西北风3-4级/西风3-4级,5.5
647,2017/2/5,12℃/2℃,晴/晴,东北风3-4级/东北风3-4级,7
648,2017/2/6,10℃/0℃,多云/多云,东北风4-5级/东风4-5级,5
649,2017/2/7,8℃/2℃,多云/小雨,东风3-4级/东风3-4级,5
650,2017/2/8,2℃/-2℃,小雪/阴,东北风4-5级/西北风3-4级,0
651,2017/2/9,6℃/-3℃,晴/晴,西北风4-5级/西北风3-4级,1.5
652,2017/2/10,7℃/-4℃,晴/晴,西北风3-4级/西北风3-4级,1.5
653,2017/2/11,8℃/-2℃,晴/晴,西风3-4级/西南风≤3级,3
654,2017/2/12,12℃/0℃,晴/晴,西南风3-4级/东南风3-4级,6
655,2017/2/13,15℃/2℃,晴/多云,东南风≤3级/东南风≤3级,8.5
656,2017/2/14,16℃/5℃,多云/多云,东南风3-4级/东南风3-4级,10.5
657,2017/2/15,16℃/6℃,多云/小雨,东南风3-4级/东南风3-4级,11
658,2017/2/16,17℃/8℃,小雨/阴,南风3-4级/西风3-4级,12.5
659,2017/2/17,10℃/2℃,阴/多云,东北风5-6级/东风3-4级,6
660,2017/2/18,13℃/3℃,晴/晴,东风3-4级/东南风3-4级,8
661,2017/2/19,21℃/6℃,多云/小雨,南风4-5级/西南风3-4级,13.5
662,2017/2/20,9℃/2℃,小雨/阴,东北风5-6级/东北风4-5级,5.5
663,2017/2/21,9℃/3℃,小雨/小到中雨,东风5-6级/东北风5-6级,6
664,2017/2/22,5℃/0℃,小雨/阴,西北风4-5级/西北风4-5级,2.5
665,2017/2/23,8℃/1℃,多云/多云,北风3-4级/北风≤3级,4.5
666,2017/2/24,10℃/0℃,晴/多云,东南风3-4级/南风3-4级,5
667,2017/2/25,13℃/2℃,多云/多云,西风≤3级/西风≤3级,7.5
668,2017/2/26,15℃/2℃,多云/晴,西风≤3级/东风≤3级,8.5
669,2017/2/27,15℃/4℃,晴/多云,东南风≤3级/东南风≤3级,9.5
670,2017/2/28,16℃/6℃,多云/阴,东南风3-4级/南风≤3级,11
671,2017/3/1,15℃/1℃,阴/多云,西北风5-6级/西北风4-5级,8
672,2017/3/2,11℃/1℃,晴/晴,西北风3-4级/南风3-4级,6
673,2017/3/3,15℃/3℃,多云/多云,南风3-4级/南风3-4级,9
674,2017/3/4,18℃/8℃,多云/阵雨,东风3-4级/东风≤3级,13
675,2017/3/5,17℃/6℃,阴/多云,东北风3-4级/东北风4-5级,11.5
676,2017/3/6,13℃/3℃,多云/多云,东北风3-4级/东风≤3级,8
677,2017/3/7,16℃/2℃,多云/多云,西风3-4级/西北风3-4级,9
678,2017/3/8,14℃/3℃,晴/晴,西北风4-5级/西北风3-4级,8.5
679,2017/3/9,18℃/7℃,晴/多云,南风3-4级/东风3-4级,12.5
680,2017/3/10,19℃/9℃,多云/多云,东风3-4级/东南风3-4级,14
681,2017/3/11,19℃/10℃,多云/阴,东南风3-4级/东风3-4级,14.5
682,2017/3/12,17℃/7℃,小雨/中雨,东风4-5级/东北风5-6级,12
683,2017/3/13,8℃/2℃,小雨/阴,东北风5-6级/东北风3-4级,5
684,2017/3/14,13℃/2℃,晴/晴,东北风3-4级/东风≤3级,7.5
685,2017/3/15,15℃/6℃,多云/阴,东南风3-4级/东南风3-4级,10.5
686,2017/3/16,13℃/4℃,多云/多云,东南风3-4级/东南风3-4级,8.5
687,2017/3/17,15℃/8℃,多云/阴,东南风3-4级/东风3-4级,11.5
688,2017/3/18,14℃/8℃,阴/阴,东风3-4级/东风3-4级,11
689,2017/3/19,12℃/8℃,小雨/小到中雨,东风4-5级/东风4-5级,10
690,2017/3/20,11℃/6℃,阴/多云,北风3-4级/北风3-4级,8.5
691,2017/3/21,15℃/7℃,多云/阴,北风3-4级/东风4-5级,11
692,2017/3/22,9℃/7℃,小雨/小雨,东风4-5级/东风3-4级,8
693,2017/3/23,9℃/7℃,阴/小雨,东北风3-4级/东北风3-4级,8
694,2017/3/24,10℃/6℃,小雨/阴,东风3-4级/东风3-4级,8
695,2017/3/25,16℃/6℃,多云/多云,西北风3-4级/西风3-4级,11
696,2017/3/26,18℃/6℃,多云/晴,西北风4-5级/西风3-4级,12
697,2017/3/27,20℃/9℃,晴/多云,西风3-4级/东南风3-4级,14.5
698,2017/3/28,23℃/7℃,多云/多云,西风5-6级/西北风4-5级,15
699,2017/3/29,17℃/9℃,多云/阴,东风3-4级/东风3-4级,13
700,2017/3/30,13℃/9℃,小到中雨/阵雨,东风4-5级/东风3-4级,11
701,2017/3/31,15℃/6℃,多云/多云,北风4-5级/南风3-4级,10.5
702,2017/4/1,18℃/8℃,晴/晴,西北风4-5级/西风3-4级,13
703,2017/4/2,22℃/10℃,晴/多云,西风3-4级/南风3-4级,16
704,2017/4/3,23℃/13℃,多云/多云,东南风4-5级/东南风3-4级,18
705,2017/4/4,19℃/15℃,阵雨/阵雨,东南风4-5级/东南风3-4级,17
706,2017/4/5,19℃/15℃,阵雨/中雨,西风3-4级/西风3-4级,17
707,2017/4/6,17℃/13℃,中到大雨/小雨,东北风4-5级/东风3-4级,15
708,2017/4/7,19℃/14℃,阴/多云,东风≤3级/东风≤3级,16.5
709,2017/4/8,21℃/11℃,阵雨/中到大雨,东风3-4级/东北风4-5级,16
710,2017/4/9,13℃/9℃,阵雨/小到中雨,东北风5-6级/东北风3-4级,11
711,2017/4/10,11℃/8℃,阵雨/阵雨,东北风3-4级/东北风3-4级,9.5
712,2017/4/11,16℃/9℃,阴/多云,西北风3-4级/北风3-4级,12.5
713,2017/4/12,20℃/8℃,多云/多云,东风3-4级/南风3-4级,14
714,2017/4/13,23℃/13℃,晴/晴,南风3-4级/南风3-4级,18
715,2017/4/14,27℃/15℃,晴/晴,西南风4-5级/西南风3-4级,21
716,2017/4/15,29℃/18℃,晴/多云,西南风3-4级/东风3-4级,23.5
717,2017/4/16,28℃/18℃,雷阵雨/小到中雨,东南风3-4级/西风4-5级,23
718,2017/4/17,25℃/17℃,多云/多云,西北风4-5级/西南风4-5级,21
719,2017/4/18,27℃/14℃,晴/晴,西北风4-5级/西北风3-4级,20.5
720,2017/4/19,27℃/17℃,多云/阵雨,东南风4-5级/西北风4-5级,22
721,2017/4/20,23℃/15℃,多云/多云,北风4-5级/西北风3-4级,19
722,2017/4/21,21℃/10℃,多云/多云,西北风5-6级/西北风3-4级,15.5
723,2017/4/22,21℃/10℃,晴/晴,北风≤3级/东南风≤3级,15.5
724,2017/4/23,25℃/13℃,晴/多云,南风3-4级/东南风≤3级,19
725,2017/4/24,28℃/17℃,晴/多云,南风3～4级/东南风3～4级,22.5
726,2017/4/25,25℃/16℃,多云/雷阵雨,东北风4-5级/东北风4-5级,20.5
727,2017/4/26,20℃/11℃,阴/多云,东北风4-5级/北风3-4级,15.5
728,2017/4/27,23℃/12℃,多云/晴,西北风3-4级/西风3-4级,17.5
729,2017/4/28,27℃/14℃,晴/晴,西南风4-5级/西南风3-4级,20.5
730,2017/4/29,29℃/16℃,晴/多云,西南风4-5级/西南风3-4级,22.5
731,2017/4/30,30℃/16℃,晴/多云,西南风3-4级/东南风3-4级,23
732,2017/5/1,30℃/19℃,多云/雷阵雨,东风3-4级/东风3-4级,24.5
733,2017/5/2,19℃/16℃,阵雨/多云,东风4-5级/东风4-5级,17.5
734,2017/5/3,22℃/17℃,阴/中雨,东风4-5级/东风4-5级,19.5
735,2017/5/4,21℃/16℃,阵雨/阴,北风4-5级/北风3-4级,18.5
736,2017/5/5,25℃/16℃,多云/多云,西北风4-5级/西北风3-4级,20.5
737,2017/5/6,24℃/18℃,多云/多云,东风3-4级/东风3-4级,21
738,2017/5/7,27℃/17℃,多云/阵雨,东南风3-4级/东风3-4级,22
739,2017/5/8,17℃/15℃,阵雨/阴,东风3-4级/西南风3-4级,16
740,2017/5/9,23℃/15℃,多云/多云,西北风4-5级/西南风3-4级,19
741,2017/5/10,30℃/19℃,晴/多云,西南风5-6级/西南风3-4级,24.5
742,2017/5/11,28℃/18℃,阵雨/雷阵雨,西风3-4级/北风≤3级,23
743,2017/5/12,29℃/18℃,多云/多云,南风3-4级/西南风3-4级,23.5
744,2017/5/13,33℃/20℃,晴/晴,南风3～4级/东风3～4级,26.5
745,2017/5/14,30℃/18℃,多云/多云,东风3～4级/东南风3～4级,24
746,2017/5/15,26℃/16℃,雷阵雨/阵雨,北风3～4级/东北风4～5级,21
747,2017/5/16,25℃/15℃,多云/晴,东风3-4级/东南风3-4级,20
748,2017/5/17,28℃/16℃,晴/晴,东南风3-4级/东南风3-4级,22
749,2017/5/18,30℃/19℃,晴/多云,东南风3-4级/东南风3-4级,24.5
750,2017/5/19,28℃/19℃,多云/阴,东南风3-4级/东南风3-4级,23.5
751,2017/5/20,29℃/19℃,阴/多云,东南风3-4级/东南风3-4级,24
752,2017/5/21,30℃/20℃,多云/多云,东南风3-4级/东南风3-4级,25
753,2017/5/22,30℃/21℃,晴/阵雨,东南风3-4级/东南风3-4级,25.5
754,2017/5/23,24℃/18℃,中雨/阵雨,东北风4-5级/北风3-4级,21
755,2017/5/24,25℃/15℃,多云/多云,北风3-4级/西北风3-4级,20
756,2017/5/25,30℃/17℃,多云/晴,西北风3-4级/西风3-4级,23.5
757,2017/5/26,30℃/18℃,晴/晴,东风3-4级/东南风3-4级,24
758,2017/5/27,33℃/20℃,晴/晴,南风3-4级/南风3-4级,26.5
759,2017/5/28,34℃/20℃,晴/晴,东南风3-4级/南风3-4级,27
760,2017/5/29,34℃/21℃,多云/多云,东南风4-5级/东南风3-4级,27.5
761,2017/5/30,33℃/23℃,多云/多云,南风3-4级/西南风3-4级,28
762,2017/5/31,33℃/24℃,多云/多云,西南风3-4级/东南风≤3级,28.5
763,2017/6/1,33℃/22℃,多云/晴,东风≤3级/东风3-4级,27.5
764,2017/6/2,33℃/21℃,多云/多云,东南风3-4级/东南风3-4级,27
765,2017/6/3,32℃/20℃,多云/多云,东风3-4级/东风3-4级,26
766,2017/6/4,30℃/20℃,多云/阴,东风4-5级/东风4-5级,25
767,2017/6/5,22℃/18℃,中到大雨/中到大雨,东风5-6级/东风4-5级,20
768,2017/6/6,23℃/18℃,阵雨/阴,西北风5-6级/西风3-4级,20.5
769,2017/6/7,29℃/20℃,多云/多云,西风3-4级/东南风3-4级,24.5
770,2017/6/8,31℃/22℃,多云/多云,东南风≤3级/东南风3-4级,26.5
771,2017/6/9,31℃/23℃,多云/中到大雨,西南风3-4级/南风4-5级,27
772,2017/6/10,25℃/20℃,大到暴雨/阴,南风5-6级/北风4-5级,22.5
773,2017/6/11,29℃/21℃,多云/多云,东风4-5级/东风3-4级,25
774,2017/6/12,26℃/20℃,多云/多云,东风3-4级/东风3-4级,23
775,2017/6/13,25℃/20℃,阴/多云,东风4-5级/东风3-4级,22.5
776,2017/6/14,27℃/19℃,多云/多云,东风3-4级/东风3-4级,23
777,2017/6/15,28℃/19℃,多云/多云,东风3-4级/南风3-4级,23.5
778,2017/6/16,29℃/19℃,多云/多云,东南风3-4级/东南风3-4级,24
779,2017/6/17,29℃/19℃,晴/多云,东南风4-5级/东南风3-4级,24
780,2017/6/18,29℃/21℃,多云/多云,东南风4-5级/东南风3-4级,25
781,2017/6/19,30℃/22℃,多云/阴,东南风3-4级/东南风3-4级,26
782,2017/6/20,27℃/22℃,阵雨/多云,东南风3-4级/东南风3-4级,24.5
783,2017/6/21,28℃/23℃,阴/阴,东风4-5级/东北风3-4级,25.5
784,2017/6/22,28℃/23℃,阴/阴,东南风3-4级/东南风3-4级,25.5
785,2017/6/23,27℃/22℃,阵雨/大雨,南风3-4级/南风3-4级,24.5
786,2017/6/24,29℃/22℃,雷阵雨/阴,南风3-4级/西风3-4级,25.5
787,2017/6/25,29℃/22℃,雷阵雨/阴,西风≤3级/西南风3-4级,25.5
788,2017/6/26,30℃/23℃,多云/多云,西北风3-4级/西风≤3级,26.5
789,2017/6/27,31℃/23℃,多云/多云,西南风3-4级/南风3-4级,27
790,2017/6/28,30℃/23℃,雷阵雨/阴,东南风3-4级/东南风3-4级,26.5
791,2017/6/29,30℃/24℃,多云/雷阵雨,东南风3-4级/东南风3-4级,27
792,2017/6/30,28℃/24℃,雷阵雨/中到大雨,东南风3-4级/东南风3-4级,26
793,2017/7/1,26℃/24℃,中雨/中雨,南风3-4级/南风3-4级,25
794,2017/7/2,26℃/23℃,中雨/雷阵雨,南风3-4级/西南风3-4级,24.5
795,2017/7/3,31℃/24℃,雷阵雨/雷阵雨,西南风3-4级/西南风3-4级,27.5
796,2017/7/4,31℃/25℃,雷阵雨/阴,南风3-4级/南风3-4级,28
797,2017/7/5,34℃/26℃,雷阵雨/多云,西南风4-5级/南风3-4级,30
798,2017/7/6,33℃/27℃,雷阵雨/多云,南风3-4级/南风≤3级,30
799,2017/7/7,33℃/27℃,雷阵雨/多云,西南风4-5级/西南风3-4级,30
800,2017/7/8,32℃/27℃,雷阵雨/雷阵雨,南风3-4级/南风≤3级,29.5
801,2017/7/9,32℃/26℃,雷阵雨/多云,南风3-4级/南风3-4级,29
802,2017/7/10,29℃/24℃,雷阵雨/雷阵雨,西南风4～5级/西南风3～4级,26.5
803,2017/7/11,32℃/26℃,雷阵雨/多云,南风3-4级/南风3-4级,29
804,2017/7/12,33℃/27℃,多云/多云,南风3-4级/南风3-4级,30
805,2017/7/13,34℃/28℃,多云/多云,西南风4-5级/南风3-4级,31
806,2017/7/14,34℃/27℃,雷阵雨/多云,西南风3-4级/南风≤3级,30.5
807,2017/7/15,36℃/27℃,多云/多云,南风4-5级/南风3-4级,31.5
808,2017/7/16,37℃/28℃,多云/多云,南风4-5级/南风3-4级,32.5
809,2017/7/17,37℃/28℃,多云/多云,南风3-4级/南风3-4级,32.5
810,2017/7/18,36℃/28℃,晴/晴,西南风4-5级/西南风3-4级,32
811,2017/7/19,36℃/28℃,多云/多云,西南风4-5级/西南风3-4级,32
812,2017/7/20,37℃/28℃,多云/晴,西南风4-5级/西南风3-4级,32.5
813,2017/7/21,38℃/29℃,晴/晴,西南风4-5级/西南风3-4级,33.5
814,2017/7/22,39℃/29℃,晴/晴,西南风4-5级/西南风≤3级,34
815,2017/7/23,40℃/30℃,晴/晴,西南风3-4级/西南风≤3级,35
816,2017/7/24,39℃/29℃,晴/晴,西南风3-4级/西南风≤3级,34
817,2017/7/25,40℃/29℃,晴/晴,西风3-4级/东风3-4级,34.5
818,2017/7/26,38℃/29℃,晴/晴,东风3-4级/东南风≤3级,33.5
819,2017/7/27,39℃/29℃,晴/多云,东风3-4级/东风≤3级,34
820,2017/7/28,39℃/29℃,晴/晴,东风3-4级/东风3-4级,34
821,2017/7/29,36℃/28℃,多云/多云,东风3-4级/东风3-4级,32
822,2017/7/30,35℃/28℃,雷阵雨/多云,东风4-5级/东风4-5级,31.5
823,2017/7/31,35℃/29℃,雷阵雨/多云,东风5-6级/东风5-6级,32
824,2017/8/1,33℃/28℃,雷阵雨/雷阵雨,东南风5-6级/东南风4-5级,30.5
825,2017/8/2,31℃/27℃,小到中雨/阴,东南风5-6级/南风4-5级,29
826,2017/8/3,32℃/27℃,雷阵雨/阴,西南风4-5级/西南风3-4级,29.5
827,2017/8/4,35℃/28℃,雷阵雨/多云,西南风3-4级/西南风≤3级,31.5
828,2017/8/5,36℃/28℃,雷阵雨/多云,西南风3-4级/西南风3-4级,32
829,2017/8/6,37℃/29℃,多云/多云,西风3-4级/西风3-4级,33
830,2017/8/7,36℃/28℃,雷阵雨/中雨,西风3-4级/南风3-4级,32
831,2017/8/8,28℃/24℃,暴雨/中雨,西风4-5级/西风4-5级,26
832,2017/8/9,29℃/24℃,阵雨/多云,南风3-4级/西南风3-4级,26.5
833,2017/8/10,34℃/27℃,多云/多云,西南风3-4级/南风≤3级,30.5
834,2017/8/11,35℃/27℃,多云/阴,南风3-4级/东南风≤3级,31
835,2017/8/12,31℃/26℃,大雨/中雨,东南风4～5级/东南风3～4级,28.5
836,2017/8/13,29℃/25℃,中雨/阵雨,西南风4-5级/西南风3-4级,27
837,2017/8/14,31℃/24℃,雷阵雨/阴,西风3-4级/西南风3-4级,27.5
838,2017/8/15,32℃/25℃,多云/多云,西北风3-4级/西北风≤3级,28.5
839,2017/8/16,28℃/25℃,雷阵雨/多云,南风3-4级/东南风3-4级,26.5
840,2017/8/17,32℃/24℃,雷阵雨/多云,南风≤3级/南风≤3级,28
841,2017/8/18,32℃/25℃,雷阵雨/阴,南风3-4级/南风3-4级,28.5
842,2017/8/19,33℃/25℃,雷阵雨/中到大雨,南风3-4级/东风3-4级,29
843,2017/8/20,29℃/24℃,雷阵雨/多云,西南风3-4级/西风3-4级,26.5
844,2017/8/21,33℃/26℃,多云/多云,东北风≤3级/东风3-4级,29.5
845,2017/8/22,34℃/27℃,多云/晴,东风3-4级/东风3-4级,30.5
846,2017/8/23,36℃/28℃,晴/晴,东南风4-5级/东南风3-4级,32
847,2017/8/24,35℃/26℃,多云/雷阵雨,西南风3-4级/西南风≤3级,30.5
848,2017/8/25,31℃/25℃,小到中雨/雷阵雨,北风3-4级/东北风4-5级,28
849,2017/8/26,28℃/23℃,阴/阴,东北风4-5级/北风3-4级,25.5
850,2017/8/27,33℃/26℃,晴/多云,东南风3-4级/东南风3-4级,29.5
851,2017/8/28,35℃/26℃,多云/阴,西南风3-4级/东北风4-5级,30.5
852,2017/8/29,28℃/23℃,雷阵雨/阴,东北风4-5级/东北风4-5级,25.5
853,2017/8/30,25℃/22℃,阴/阵雨,东北风4-5级/东风3-4级,23.5
854,2017/8/31,23℃/20℃,阵雨/阵雨,东北风3-4级/东北风3-4级,21.5
855,2017/9/1,27℃/20℃,多云/阴,东风3-4级/东风3-4级,23.5
856,2017/9/2,25℃/22℃,阴/阵雨,东风3-4级/东风3-4级,23.5
857,2017/9/3,24℃/21℃,中雨/阵雨,东风4-5级/东风4-5级,22.5
858,2017/9/4,26℃/22℃,阵雨/阴,东风3-4级/北风≤3级,24
859,2017/9/5,31℃/23℃,多云/雷阵雨,西北风3-4级/北风≤3级,27
860,2017/9/6,26℃/22℃,中雨/阵雨,西北风3-4级/北风3-4级,24
861,2017/9/7,27℃/20℃,多云/多云,北风3-4级/东风3-4级,23.5
862,2017/9/8,30℃/22℃,多云/多云,东风3-4级/东风3-4级,26
863,2017/9/9,27℃/23℃,阴/阴,东风3-4级/东风3-4级,25
864,2017/9/10,29℃/21℃,中雨/阵雨,东南风3-4级/西北风3-4级,25
865,2017/9/11,24℃/19℃,阵雨/多云,西北风3-4级/北风3-4级,21.5
866,2017/9/12,28℃/20℃,晴/晴,东北风3-4级/东北风3-4级,24
867,2017/9/13,29℃/19℃,多云/多云,东风3-4级/东风4-5级,24
868,2017/9/14,29℃/21℃,晴/多云,东北风4-5级/东北风4-5级,25
869,2017/9/15,27℃/20℃,阴/多云,东北风4-5级/东北风4-5级,23.5
870,2017/9/16,27℃/18℃,多云/晴,北风3-4级/北风≤3级,22.5
871,2017/9/17,29℃/19℃,晴/晴,北风3-4级/西风≤3级,24
872,2017/9/18,30℃/20℃,晴/多云,东南风≤3级/东南风≤3级,25
873,2017/9/19,28℃/22℃,阵雨/阵雨,南风≤3级/东南风≤3级,25
874,2017/9/20,23℃/19℃,阵雨/阴,东风3-4级/东北风3-4级,21
875,2017/9/21,26℃/20℃,阴/阴,东风3-4级/东风3-4级,23
876,2017/9/22,26℃/21℃,多云/阵雨,东南风3-4级/东南风3-4级,23.5
877,2017/9/23,25℃/20℃,阵雨/小到中雨,东南风3-4级/东南风3-4级,22.5
878,2017/9/24,22℃/20℃,大雨/阵雨,东风3-4级/东风3-4级,21
879,2017/9/25,25℃/22℃,大到暴雨/阵雨,东南风4-5级/西北风4-5级,23.5
880,2017/9/26,29℃/23℃,阴/阴,西风3-4级/西风≤3级,26
881,2017/9/27,25℃/18℃,阵雨/阵雨,北风4-5级/北风3-4级,21.5
882,2017/9/28,25℃/17℃,多云/阴,东北风3-4级/东风3-4级,21
883,2017/9/29,23℃/19℃,多云/阵雨,东南风3-4级/东南风3-4级,21
884,2017/9/30,23℃/20℃,阵雨/小到中雨,东南风3-4级/东南风4-5级,21.5
885,2017/10/1,28℃/21℃,雷阵雨/中到大雨,西南风3-4级/东北风3-4级,24.5
886,2017/10/2,23℃/19℃,中到大雨/阴,东北风4-5级/东北风4-5级,21
887,2017/10/3,22℃/16℃,阴/阵雨,东北风4-5级/东北风4-5级,19
888,2017/10/4,19℃/15℃,阵雨/阵雨,东北风4-5级/东北风4-5级,17
889,2017/10/5,16℃/13℃,小到中雨/阴,东北风3-4级/北风3-4级,14.5
890,2017/10/6,23℃/14℃,多云/多云,北风3-4级/北风3-4级,18.5
891,2017/10/7,24℃/18℃,多云/晴,东南风3-4级/东南风3-4级,21
892,2017/10/8,28℃/19℃,晴/晴,东风≤3级/东南风≤3级,23.5
893,2017/10/9,29℃/22℃,晴/晴,东南风3-4级/东南风3-4级,25.5
894,2017/10/10,28℃/20℃,雷阵雨/雷阵雨,北风3-4级/北风4-5级,24
895,2017/10/11,18℃/14℃,阵雨/小到中雨,东北风4-5级/东北风4-5级,16
896,2017/10/12,15℃/13℃,小到中雨/阴,东北风4-5级/东北风3-4级,14
897,2017/10/13,20℃/15℃,多云/阵雨,东北风3-4级/东北风3-4级,17.5
898,2017/10/14,19℃/16℃,阴/小雨,东北风4-5级/东北风4-5级,17.5
899,2017/10/15,18℃/14℃,小雨/小雨,东北风4-5级/东北风4-5级,16
900,2017/10/16,18℃/15℃,阵雨/阵雨,东北风4-5级/东北风4-5级,16.5
901,2017/10/17,18℃/15℃,小雨/小雨,东北风4-5级/东北风3-4级,16.5
902,2017/10/18,18℃/14℃,阴/阴,北风3-4级/东北风≤3级,16
903,2017/10/19,19℃/13℃,多云/多云,北风3-4级/北风≤3级,16
904,2017/10/20,21℃/12℃,多云/多云,北风3-4级/北风3-4级,16.5
905,2017/10/21,23℃/12℃,多云/晴,北风3-4级/北风3-4级,17.5
906,2017/10/22,22℃/11℃,多云/晴,北风3-4级/北风3-4级,16.5
907,2017/10/23,19℃/11℃,多云/多云,北风3-4级/北风≤3级,15
908,2017/10/24,19℃/9℃,晴/晴,北风3-4级/东北风3-4级,14
909,2017/10/25,20℃/12℃,晴/多云,东风3-4级/东风3-4级,16
910,2017/10/26,21℃/11℃,多云/多云,东风3-4级/东北风3-4级,16
911,2017/10/27,23℃/11℃,晴/晴,东北风3-4级/东北风3-4级,17
912,2017/10/28,22℃/12℃,晴/晴,东北风3-4级/北风3-4级,17
913,2017/10/29,18℃/7℃,多云/多云,北风5-6级/北风4-5级,12.5
914,2017/10/30,15℃/7℃,晴/晴,北风3-4级/东北风≤3级,11
915,2017/10/31,18℃/9℃,晴/晴,东南风3-4级/东南风≤3级,13.5
916,2017/11/1,21℃/10℃,晴/多云,东南风3-4级/南风≤3级,15.5
917,2017/11/2,23℃/11℃,多云/多云,西南风3-4级/西风3-4级,17
918,2017/11/3,20℃/8℃,多云/多云,东北风5-6级/东北风4-5级,14
919,2017/11/4,15℃/6℃,晴/晴,东北风3-4级/东风3-4级,10.5
920,2017/11/5,17℃/9℃,晴/晴,东南风3-4级/东南风≤3级,13
921,2017/11/6,21℃/12℃,多云/多云,东南风3-4级/东南风≤3级,16.5
922,2017/11/7,22℃/12℃,多云/多云,西风3-4级/西北风3-4级,17
923,2017/11/8,22℃/10℃,晴/晴,东北风3-4级/东风3-4级,16
924,2017/11/9,21℃/11℃,晴/多云,东南风3-4级/东南风3-4级,16
925,2017/11/10,20℃/7℃,多云/多云,西北风4-5级/北风4-5级,13.5
926,2017/11/11,16℃/11℃,多云/阴,东北风3-4级/东风≤3级,13.5
927,2017/11/12,18℃/12℃,多云/阴,东风3-4级/东风≤3级,15
928,2017/11/13,18℃/10℃,阴/阴,东北风<3级/东北风<3级,14
929,2017/11/14,18℃/11℃,多云/多云,东北风<3级/东北风<3级,14.5
930,2017/11/15,18℃/12℃,多云/阴,东北风3～4级/东风3～4级,15
931,2017/11/16,17℃/14℃,小雨/小雨,东风3～4级/东南风3～4级,15.5
932,2017/11/17,16℃/6℃,小雨/小雨,东北风4～5级/东北风5～6级,11
933,2017/11/18,10℃/3℃,多云/多云,东北风5～6级/东北风4～5级,6.5
934,2017/11/19,10℃/4℃,多云/阴,东风3～4级/东北风3～4级,7
935,2017/11/20,12℃/3℃,多云/多云,东北风3～4级/东北风3～4级,7.5
936,2017/11/21,13℃/7℃,多云/阴,东南风3～4级/西风<3级,10
937,2017/11/22,14℃/2℃,多云/多云,西北风4～5级/西北风4～5级,8
938,2017/11/23,13℃/3℃,晴/晴,西风3～4级/西风<3级,8
939,2017/11/24,14℃/5℃,晴/多云,西风<3级/东风3～4级,9.5
940,2017/11/25,17℃/6℃,多云/多云,西南风3～4级/西风3～4级,11.5
941,2017/11/26,15℃/3℃,多云/多云,东北风3～4级/东风3～4级,9
942,2017/11/27,15℃/9℃,多云/多云,东南风3～4级/东南风3～4级,12
943,2017/11/28,16℃/10℃,小雨/小雨,西风3～4级/北风3～4级,13
944,2017/11/29,12℃/6℃,小雨/小雨-中雨,东北风4～5级/东北风4～5级,9
945,2017/11/30,10℃/3℃,阴/多云,东北风4～5级/东北风3～4级,6.5
946,2017/12/1,10℃/3℃,多云/多云,东北风3～4级/东北风3～4级,6.5
947,2017/12/2,14℃/4℃,多云/多云,东南风3～4级/东风3～4级,9
948,2017/12/3,14℃/5℃,多云/多云,西北风3～4级/西北风3～4级,9.5
949,2017/12/4,12℃/0℃,晴/晴,北风4～5级/北风3～4级,6
950,2017/12/5,9℃/0℃,晴/多云,北风3～4级/东南风3～4级,4.5
951,2017/12/6,11℃/2℃,多云/多云,南风3～4级/东南风<3级,6.5
952,2017/12/7,13℃/0℃,多云/多云,北风3～4级/北风4～5级,6.5
953,2017/12/8,7℃/-1℃,晴/晴,西北风3～4级/西风<3级,3
954,2017/12/9,9℃/1℃,多云/多云,西南风3～4级/西南风3～4级,5
955,2017/12/10,12℃/-2℃,多云/晴,西北风4～5级/西北风4～5级,5
956,2017/12/11,11℃/1℃,晴/晴,东风3～4级/东北风3～4级,6
957,2017/12/12,9℃/2℃,多云/多云,东北风4～5级/东北风4～5级,5.5
958,2017/12/13,9℃/4℃,多云/小雨,东风4～5级/东风4～5级,6.5
959,2017/12/14,6℃/4℃,小雨/小雨,东风4～5级/东北风3～4级,5
960,2017/12/15,7℃/3℃,小雨/阴,东北风3～4级/北风3～4级,5
961,2017/12/16,7℃/-4℃,多云/晴,西北风4～5级/西北风4～5级,1.5
962,2017/12/17,4℃/-3℃,晴/晴,西北风3～4级/西南风3～4级,0.5
963,2017/12/18,8℃/-2℃,多云/多云,西南风3～4级/西风3～4级,3
964,2017/12/19,9℃/-2℃,晴/晴,北风3～4级/东南风<3级,3.5
965,2017/12/20,10℃/-2℃,多云/晴,西北风4～5级/西北风3～4级,4
966,2017/12/21,12℃/-1℃,晴/晴,南风3～4级/南风3～4级,5.5
967,2017/12/22,14℃/2℃,晴/多云,东南风3～4级/东风<3级,8
968,2017/12/23,13℃/5℃,多云/阴,北风3～4级/西风4～5级,9
969,2017/12/24,11℃/-2℃,多云/晴,西北风4～5级/北风3～4级,4.5
970,2017/12/25,9℃/-1℃,晴/晴,东风3～4级/东南风3～4级,4
971,2017/12/26,12℃/1℃,晴/晴,东风3～4级/东南风3～4级,6.5
972,2017/12/27,11℃/4℃,多云/多云,东南风3～4级/东南风3～4级,7.5
973,2017/12/28,10℃/7℃,小雨/阴,东南风3～4级/东南风<3级,8.5
974,2017/12/29,12℃/8℃,阴/阴,东风<3级/东风<3级,10
975,2017/12/30,10℃/0℃,阴/多云,西北风4～5级/西北风3～4级,5
976,2017/12/31,9℃/-1℃,晴/晴,西风<3级/东风<3级,4
977,2018/1/1,12℃/2℃,多云/阴,东南风3～4级/东风3～4级,7
978,2018/1/1,12℃/2℃,多云/阴,东南风3～4级/东风3～4级,7
979,2018/1/2,11℃/6℃,阴/小雨,东风3～4级/东北风4～5级,8.5
980,2018/1/3,5℃/0℃,中雨/中雨,东北风5～6级/东北风4～5级,2.5
981,2018/1/4,1℃/-1℃,暴雪/中雪,东北风4～5级/东北风4～5级,0
982,2018/1/5,1℃/-6℃,多云/多云,东北风3～4级/东北风<3级,-2.5
983,2018/1/6,4℃/-1℃,阴/小雨,东北风3～4级/东北风3～4级,1.5
984,2018/1/7,4℃/-1℃,小雨/雨夹雪,东北风3～4级/西北风3～4级,1.5
985,2018/1/8,2℃/-6℃,多云/多云,西北风5～6级/西风4～5级,-2
986,2018/1/9,5℃/-4℃,晴/晴,西北风3～4级/西北风3～4级,0.5
987,2018/1/10,6℃/-3℃,晴/晴,西北风3～4级/西风3～4级,1.5
988,2018/1/11,6℃/-5℃,晴/晴,北风3～4级/北风3～4级,0.5
989,2018/1/12,4℃/-5℃,晴/晴,北风3～4级/北风3～4级,-0.5
990,2018/1/13,7℃/-3℃,晴/多云,东南风3～4级/东南风3～4级,2
991,2018/1/14,11℃/1℃,多云/多云,东南风3～4级/东南风3～4级,6
992,2018/1/15,14℃/2℃,多云/阴,东南风3～4级/东南风3～4级,8
993,2018/1/16,10℃/2℃,小雨/小雨,西北风<3级/西风<3级,6
994,2018/1/17,11℃/2℃,多云/多云,南风<3级/东风<3级,6.5
995,2018/1/18,11℃/4℃,多云/多云,东北风3～4级/东风<3级,7.5
996,2018/1/19,8℃/2℃,小雨/阴,东风<3级/东风<3级,5
997,2018/1/20,9℃/3℃,多云/阴,东风<3级/东风<3级,6
998,2018/1/21,9℃/3℃,小雨-中雨/小雨,东风<3级/北风<3级,6
999,2018/1/22,12℃/1℃,少云/少云,西北偏西风2/西北偏西风2,6.5
1000,2018/1/23,6℃/-1℃,阴/阴,东北风4～5级/东北风4～5级,2.5
1001,2018/1/24,3℃/-1℃,阴/大雪,东北风4～5级/东北风4～5级,1
1002,2018/1/25,0℃/-3℃,大雪-暴雪/中雪,东北风5～6级/东北风4～5级,-1.5
1003,2018/1/26,-1℃/-3℃,阴/小雪,东北风4～5级/东北风3～4级,-2
1004,2018/1/27,-1℃/-2℃,大雪-暴雪/大雪,东北风4～5级/东北风4～5级,-1.5
1005,2018/1/28,-1℃/-7℃,小雪/多云,东北风4～5级/北风3～4级,-4
1006,2018/1/29,1℃/-6℃,多云/多云,西北风3～4级/西风3～4级,-2.5
1007,2018/1/30,1℃/-7℃,多云/阴,西风3～4级/北风3～4级,-3
1008,2018/1/31,2℃/-8℃,阴/多云,西风<3级/西风<3级,-3
1009,2018/2/1,3℃/-4℃,晴/多云,西风<3级/西北风<3级,-0.5
1010,2018/2/2,5℃/-5℃,多云/多云,东北风4～5级/北风3～4级,0
1011,2018/2/3,2℃/-7℃,晴/晴,东北风3～4级/西北风3～4级,-2.5
1012,2018/2/4,3℃/-6℃,晴/晴,西风3～4级/西风<3级,-1.5
1013,2018/2/5,5℃/-5℃,晴/晴,西风3～4级/北风3～4级,0
1014,2018/2/6,4℃/-4℃,晴/多云,东风3～4级/东风3～4级,0
1015,2018/2/7,6℃/-4℃,多云/多云,西南风3～4级/西北风3～4级,1
1016,2018/2/8,6℃/-1℃,多云/多云,东风3～4级/东风3～4级,2.5
1017,2018/2/9,9℃/3℃,阴/阴,南风<3级/东北风3～4级,6
1018,2018/2/10,7℃/-2℃,阴/多云,东北风4～5级/西北风3～4级,2.5
1019,2018/2/11,9℃/-4℃,晴/晴,西北风4～5级/西风3～4级,2.5
1020,2018/2/12,8℃/-3℃,晴/晴,西北风4～5级/西风3～4级,2.5
1021,2018/2/13,13℃/1℃,晴/多云,西南风4～5级/南风3～4级,7
1022,2018/2/14,17℃/5℃,多云/阴,东风3～4级/东风3～4级,11
1023,2018/2/15,7℃/4℃,小雨/小雨,东北风3～4级/东风3～4级,5.5
1024,2018/2/16,12℃/2℃,阴/多云,东风<3级/东风4～5级,7
1025,2018/2/17,12℃/4℃,多云/阴,东风4～5级/东风4～5级,8
1026,2018/2/18,8℃/5℃,小雨/小雨,东北风3～4级/东北风3～4级,6.5
1027,2018/2/19,7℃/3℃,小雨/阴,东北风3～4级/东北风3～4级,5
1028,2018/2/20,7℃/3℃,中雨/小雨,东北风4～5级/东北风3～4级,5
1029,2018/2/21,7℃/3℃,阴/阴,东北风3～4级/东风3～4级,5
1030,2018/2/22,15℃/2℃,晴/晴,西南风3～4级/西南风4～5级,8.5
1031,2018/2/23,15℃/4℃,晴/阴,南风3～4级/东南风<3级,9.5
1032,2018/2/24,12℃/6℃,阴/阴,东风3～4级/北风3～4级,9
1033,2018/2/25,12℃/2℃,多云/晴,东风3～4级/东风3～4级,7
1034,2018/2/26,15℃/5℃,晴/多云,东南风3～4级/东风3～4级,10
1035,2018/2/27,17℃/10℃,阴/中雨,东风4～5级/东南风4～5级,13.5
1036,2018/2/28,13℃/7℃,阴/多云,西北风5～6级/西风3～4级,10
1037,2018/3/1,13℃/4℃,多云/小雨,东北风4～5级/东风4～5级,8.5
1038,2018/3/2,12℃/5℃,阴/小雨,东风4～5级/东风3～4级,8.5
1039,2018/3/3,20℃/9℃,阴/小雨-中雨,东南风3～4级/东南风3～4级,14.5
1040,2018/3/4,23℃/7℃,小雨-中雨/小雨-中雨,东南风3～4级/东北风5～6级,15
1041,2018/3/5,12℃/3℃,阴/多云,北风4～5级/东北风3～4级,7.5
1042,2018/3/6,8℃/5℃,多云/阵雨,东北风4～5级/东北风4～5级,6.5
1043,2018/3/7,7℃/4℃,小雨-中雨/阵雨,东北风4～5级/北风3～4级,5.5
1044,2018/3/8,11℃/-1℃,多云/晴,北风4～5级/东北风3～4级,5
1045,2018/3/9,10℃/1℃,晴/晴,北风3～4级/南风3～4级,5.5
1046,2018/3/10,16℃/5℃,多云/多云,南风3～4级/东南风3～4级,10.5
1047,2018/3/11,20℃/8℃,多云/多云,东风3～4级/东南风3～4级,14
1048,2018/3/12,23℃/11℃,多云/多云,西南风3～4级/东南风3～4级,17
1049,2018/3/13,25℃/14℃,多云/阵雨,南风3～4级/南风3～4级,19.5
1050,2018/3/14,21℃/15℃,雷阵雨/小雨-中雨,南风3～4级/东南风3～4级,18
1051,2018/3/15,21℃/7℃,小雨-中雨/雷阵雨,南风3～4级/北风5～6级,14
1052,2018/3/16,10℃/4℃,阴/多云,东北风4～5级/东风3～4级,7
1053,2018/3/17,16℃/7℃,多云/小雨,东南风4～5级/东南风4～5级,11.5
1054,2018/3/18,12℃/8℃,阵雨/小雨,东北风3～4级/东北风3～4级,10
1055,2018/3/19,10℃/3℃,阵雨/阵雨,东北风3～4级/西北风3～4级,6.5
1056,2018/3/20,6℃/3℃,阵雨/阵雨,西北风4～5级/西北风4～5级,4.5
1057,2018/3/21,11℃/2℃,多云/多云,西北风4～5级/西南风3～4级,6.5
1058,2018/3/22,16℃/6℃,多云/多云,西南风3～4级/南风3～4级,11
1059,2018/3/23,21℃/10℃,晴/晴,南风3～4级/南风3～4级,15.5
1060,2018/3/24,22℃/11℃,多云/阴,东南风3～4级/东南风3～4级,16.5
1061,2018/3/25,24℃/11℃,多云/多云,南风3～4级/南风3～4级,17.5
1062,2018/3/26,24℃/12℃,晴/晴,南风3～4级/南风3～4级,18
1063,2018/3/27,25℃/13℃,晴/晴,南风3～4级/南风3～4级,19
1064,2018/3/28,27℃/14℃,晴/多云,南风3～4级/东南风3～4级,20.5
1065,2018/3/29,26℃/15℃,多云/多云,东风3～4级/东风3～4级,20.5
1066,2018/3/30,23℃/14℃,多云/多云,东风4～5级/东风4～5级,18.5
1067,2018/3/31,26℃/14℃,多云/多云,东南风3～4级/东南风3～4级,20
1068,2018/4/1,27℃/17℃,多云/多云,南风3～4级/南风3～4级,22
1069,2018/4/2,27℃/18℃,雷阵雨/阴,南风3～4级/东南风3～4级,22.5
1070,2018/4/3,28℃/12℃,雷阵雨/雷阵雨,南风3～4级/东北风4～5级,20
1071,2018/4/4,13℃/10℃,阴/阴,东北风5～6级/东北风4～5级,11.5
1072,2018/4/5,11℃/7℃,中雨-大雨/阵雨,东北风4～5级/西北风4～5级,9
1073,2018/4/6,16℃/5℃,多云/晴,西北风5～6级/西北风4～5级,10.5
1074,2018/4/7,14℃/7℃,晴/晴,西北风4～5级/西南风3～4级,10.5
1075,2018/4/8,22℃/10℃,晴/晴,西南风4～5级/西南风3～4级,16
1076,2018/4/9,27℃/15℃,晴/晴,南风4～5级/南风3～4级,21
1077,2018/4/10,29℃/18℃,晴/多云,西南风4～5级/西南风3～4级,23.5
1078,2018/4/11,27℃/16℃,多云/阴,东北风3～4级/东风3～4级,21.5
1079,2018/4/12,21℃/14℃,雷阵雨/阵雨,东风4～5级/东风4～5级,17.5
1080,2018/4/13,16℃/12℃,小雨-中雨/阵雨,东风5～6级/北风4～5级,14
1081,2018/4/14,15℃/9℃,阴/多云,西北风4～5级/西北风3～4级,12
1082,2018/4/15,20℃/8℃,晴/多云,西北风3～4级/东北风3～4级,14
1083,2018/4/16,22℃/9℃,多云/晴,东南风3～4级/东南风3～4级,15.5
1084,2018/4/17,22℃/10℃,晴/晴,东南风3～4级/东南风3～4级,16
1085,2018/4/18,26℃/13℃,晴/晴,东南风3～4级/东南风3～4级,19.5
1086,2018/4/19,29℃/15℃,晴/晴,东南风3～4级/东南风3～4级,22
1087,2018/4/20,30℃/18℃,多云/多云,东南风4～5级/东南风3～4级,24
1088,2018/4/21,27℃/20℃,雷阵雨/雷阵雨,东南风4～5级/东南风3～4级,23.5
1089,2018/4/22,25℃/17℃,雷阵雨/雷阵雨,西风3～4级/西北风4～5级,21
1090,2018/4/23,17℃/13℃,阵雨/阴,东北风4～5级/东北风4～5级,15
1091,2018/4/24,19℃/12℃,多云/多云,北风4～5级/北风3～4级,15.5
1092,2018/4/25,23℃/14℃,多云/阴,北风3～4级/东南风<3级,18.5
1093,2018/4/26,23℃/14℃,多云/多云,南风3～4级/西风<3级,18.5
1094,2018/4/27,28℃/14℃,多云/多云,北风3～4级/东南风3～4级,21
1095,2018/4/28,29℃/18℃,多云/阴,东南风3～4级/东南风3～4级,23.5
1096,2018/4/29,26℃/18℃,雷阵雨/阴,南风3～4级/南风3～4级,22
1097,2018/4/30,30℃/20℃,雷阵雨/阴,南风<3级/东南风<3级,25
1098,2018/5/1,28℃/21℃,雷阵雨/雷阵雨,西南风<3级/西风3～4级,24.5
1099,2018/5/2,25℃/13℃,阴/多云,北风4～5级/东北风3～4级,19
1100,2018/5/3,27℃/13℃,晴/晴,西风3～4级/东南风3～4级,20
1101,2018/5/4,28℃/18℃,多云/雷阵雨,东南风4～5级/南风4～5级,23
1102,2018/5/5,22℃/18℃,中雨/大雨-暴雨,南风4～5级/东南风4～5级,20
1103,2018/5/6,23℃/16℃,大雨-暴雨/中雨,西风4～5级/北风5～6级,19.5
1104,2018/5/7,21℃/16℃,阴/多云,北风4～5级/北风3～4级,18.5
1105,2018/5/8,23℃/12℃,多云/晴,东北风3～4级/东北风3～4级,17.5
1106,2018/5/9,24℃/14℃,晴/多云,东北风3～4级/东风3～4级,19
1107,2018/5/10,24℃/16℃,多云/多云,东风4～5级/东南风4～5级,20
1108,2018/5/11,24℃/18℃,雷阵雨/雷阵雨,东南风3～4级/东南风<3级,21
1109,2018/5/12,22℃/18℃,雷阵雨/阴,北风3～4级/南风3～4级,20
1110,2018/5/13,30℃/20℃,多云/多云,南风3～4级/南风3～4级,25
1111,2018/5/14,32℃/24℃,多云/多云,西南风3～4级/南风3～4级,28
1112,2018/5/15,34℃/26℃,多云/多云,南风4～5级/西南风4～5级,30
1113,2018/5/16,35℃/25℃,多云/雷阵雨,西南风4～5级/西南风3～4级,30
1114,2018/5/17,32℃/24℃,雷阵雨/雷阵雨,西南风4～5级/西风<3级,28
1115,2018/5/18,30℃/19℃,雷阵雨/雷阵雨,东风4～5级/东北风4～5级,24.5
1116,2018/5/19,22℃/19℃,雷阵雨/大雨,东北风4～5级/东风4～5级,20.5
1117,2018/5/20,24℃/18℃,雷阵雨/阴,东北风4～5级/东北风3～4级,21
1118,2018/5/21,23℃/19℃,多云/多云,东北风3～4级/北风<3级,21
1119,2018/5/22,24℃/18℃,雷阵雨/雷阵雨,西北风3～4级/北风3～4级,21
1120,2018/5/23,26℃/15℃,多云/晴,东南风3-4级/东南风3-4级,20.5
1121,2018/5/24,26℃/20℃,雷阵雨/中雨,东南风3-4级/东南风3-4级,23
1122,2018/5/25,21℃/18℃,暴雨/中雨,东北风3-4级/东北风3-4级,19.5
1123,2018/5/26,24℃/19℃,阴/阴,东北风3-4级/东北风3-4级,21.5
1124,2018/5/27,25℃/20℃,晴间多云/多云,无持续风向1-2级/无持续风向1-2级,22.5
1125,2018/5/28,30℃/22℃,多云/阴,西风3～4级/东南风<3级,26
1126,2018/5/29,28℃/22℃,阴/阴,东南风<3级/东南风<3级,25
1127,2018/5/30,27℃/22℃,阴/阴,东风3～4级/东风3～4级,24.5
1128,2018/5/31,24℃/16℃,阵雨/多云,南风1-2级/南风1-2级,20
1129,2018/6/1,30℃/19℃,多云/多云,东风3～4级/东风3～4级,24.5
1130,2018/6/2,27℃/18℃,多云/多云,东风3～4级/东风3～4级,22.5
1131,2018/6/3,28℃/19℃,多云/多云,东风3～4级/东风3～4级,23.5
1132,2018/6/4,28℃/20℃,阴/阴,东风3-4级/东风3-4级,24
1133,2018/6/5,30℃/20℃,多云/多云,南风3-4级/南风3-4级,25
1134,2018/6/6,30℃/20℃,多云/多云,东南风3-4级/东南风3-4级,25
1135,2018/6/7,32℃/21℃,晴/多云,东风3-4级/东风3-4级,26.5
1136,2018/6/8,31℃/22℃,多云/雷阵雨,东风3-4级/东风3-4级,26.5
1137,2018/6/9,22℃/19℃,中雨/阵雨,东风3-4级/东风3-4级,20.5
1138,2018/6/10,26℃/19℃,阵雨/晴,西北风3-4级/西北风3-4级,22.5
1139,2018/6/11,32℃/22℃,晴/晴,西北风3-4级/西北风3-4级,27
1140,2018/6/12,35℃/23℃,晴/晴,西南风3～4级/南风3～4级,29
1141,2018/6/13,35℃/23℃,晴/晴,南风3～4级/东南风3～4级,29
1142,2018/6/14,33℃/22℃,多云/多云,东风3～4级/东南风3～4级,27.5
1143,2018/6/15,33℃/22℃,晴/多云,东北风3～4级/东风3～4级,27.5
1144,2018/6/16,30℃/21℃,多云/多云,东南风4-5级/东南风4-5级,25.5
1145,2018/6/17,30℃/21℃,阴/阴,东南风4～5级/东南风3～4级,25.5
1146,2018/6/18,31℃/24℃,多云/阴,东风3～4级/东风3～4级,27.5
1147,2018/6/19,28℃/22℃,雷阵雨/大雨,东风3-4级/东风3-4级,25
1148,2018/6/20,27℃/19℃,阴/多云,东风3～4级/东风3～4级,23
1149,2018/6/21,30℃/21℃,多云/多云,东风3～4级/东风3～4级,25.5
1150,2018/6/22,26℃/20℃,雷阵雨/多云,东风4～5级/东风4～5级,23
1151,2018/6/23,28℃/21℃,多云/阴,东风3～4级/东风3～4级,24.5
1152,2018/6/24,31℃/24℃,雷阵雨/阴,东南风3-4级/东南风3-4级,27.5
1153,2018/6/25,34℃/27℃,多云/多云,西南风3-4级/西南风3-4级,30.5
1154,2018/6/26,37℃/29℃,多云/多云,西南风4-5级/西南风4-5级,33
1155,2018/6/27,34℃/28℃,多云/多云,西南风4-5级/西南风4-5级,31
1156,2018/6/28,27℃/24℃,大雨/阴,西南风4～5级/西南风3～4级,25.5
1157,2018/6/29,33℃/24℃,多云/雷阵雨,南风3～4级/东南风3～4级,28.5
1158,2018/6/30,30℃/24℃,雷阵雨/雷阵雨,东南风3～4级/东南风3～4级,27
1159,2018/7/1,32℃/24℃,雷阵雨/多云,东南风3-4级/东南风3-4级,28
1160,2018/7/2,31℃/25℃,雷阵雨/多云,东南风3～4级/东南风3～4级,28
1161,2018/7/3,31℃/25℃,多云/多云,东风3-4级/东风3-4级,28
1162,2018/7/4,33℃/25℃,雷阵雨/雷阵雨,东风<3级/东风3～4级,29
1163,2018/7/5,27℃/25℃,大雨/大雨,东南风3-4级/东南风3-4级,26
1164,2018/7/6,27℃/24℃,中雨-大雨/雷阵雨,东风3～4级/东风3～4级,25.5
1165,2018/7/7,30℃/25℃,雷阵雨/阴,东风4-5级/东风4-5级,27.5
1166,2018/7/8,30℃/24℃,雷阵雨/多云,东风3-4级/东风3-4级,27
1167,2018/7/9,34℃/27℃,多云/多云,南风3～4级/南风3～4级,30.5
1168,2018/7/10,35℃/26℃,多云/多云,东风3～4级/东风3～4级,30.5
1169,2018/7/11,33℃/27℃,多云/多云,东风5～6级/东风5～6级,30
1170,2018/7/12,35℃/27℃,多云/多云,东南风4～5级/东南风3～4级,31
1171,2018/7/13,35℃/27℃,晴/晴,东南风4-5级/东南风4-5级,31
1172,2018/7/14,35℃/26℃,晴/晴,东南风3-4级/东南风3-4级,30.5
1173,2018/7/15,36℃/27℃,晴/晴,东南风3～4级/东南风3～4级,31.5
1174,2018/7/16,35℃/27℃,多云/晴,东南风3～4级/东南风3～4级,31
1175,2018/7/17,35℃/26℃,多云/多云,东南风4-5级/东南风4-5级,30.5
1176,2018/7/18,36℃/27℃,晴/晴,东南风3～4级/东南风3～4级,31.5
1177,2018/7/19,35℃/26℃,晴/晴,东南风3-4级/东南风3-4级,30.5
1178,2018/7/20,35℃/26℃,晴/多云,东南风3～4级/东南风3～4级,30.5
1179,2018/7/21,34℃/26℃,多云/多云,东风3-4级/东风3-4级,30
1180,2018/7/22,33℃/26℃,大雨/大雨,东北风6-7级/东北风6-7级,29.5
1181,2018/7/23,33℃/27℃,多云/多云,西南风4～5级/东南风3～4级,30
1182,2018/7/24,35℃/28℃,雷阵雨/多云,南风3-4级/南风3-4级,31.5
1183,2018/7/25,36℃/28℃,雷阵雨/多云,南风3-4级/南风3-4级,32
1184,2018/7/26,37℃/27℃,多云/多云,南风3～4级/东南风3～4级,32
1185,2018/7/27,36℃/27℃,多云/多云,东风3-4级/东风3-4级,31.5
1186,2018/7/28,36℃/27℃,多云/多云,东风3-4级/东风3-4级,31.5
1187,2018/7/29,36℃/27℃,多云/多云,东风3～4级/东风3～4级,31.5
1188,2018/7/30,36℃/26℃,雷阵雨/多云,东风3-4级/东风3-4级,31
1189,2018/7/31,35℃/26℃,多云/多云,东北风3～4级/东北风3～4级,30.5
1190,2018/8/1,35℃/26℃,多云/多云,东风3～4级/东风3～4级,30.5
1191,2018/8/2,35℃/26℃,多云/雷阵雨,东北风3-4级/东北风3-4级,30.5
1192,2018/8/3,30℃/26℃,大雨/阵雨,东北风6～7级/东风4～5级,28
1193,2018/8/4,33℃/27℃,多云/多云,南风3-4级/南风3-4级,30
1194,2018/8/5,36℃/27℃,雷阵雨/多云,东南风3-4级/东南风3-4级,31.5
1195,2018/8/6,36℃/28℃,多云/多云,东南风3～4级/东风3～4级,32
1196,2018/8/7,36℃/27℃,多云/多云,东风3-4级/东风3-4级,31.5
1197,2018/8/8,36℃/27℃,多云/多云,东风3-4级/东风3-4级,31.5
1198,2018/8/9,36℃/27℃,多云/多云,东风3～4级/东风3～4级,31.5
1199,2018/8/10,36℃/28℃,多云/多云,东风3～4级/东风3～4级,32
1200,2018/8/11,35℃/27℃,多云/多云,东风3-4级/东风3-4级,31
1201,2018/8/12,31℃/26℃,雷阵雨/中雨,东风4～5级/东北风5～6级,28.5
1202,2018/8/13,30℃/26℃,大雨/阴,东北风5-6级/东北风5-6级,28
1203,2018/8/14,34℃/27℃,多云/多云,东南风4-5级/东南风4-5级,30.5
1204,2018/8/15,34℃/26℃,多云/多云,东风3～4级/东风4～5级,30
1205,2018/8/16,33℃/26℃,雷阵雨/大雨,东北风4-5级/东北风4-5级,29.5
1206,2018/8/17,28℃/26℃,暴雨/阵雨,东北风7-8级/东北风7-8级,27
1207,2018/8/18,33℃/27℃,雷阵雨/雷阵雨,东风5～6级/东风4～5级,30
1208,2018/8/19,33℃/27℃,多云/多云,东南风4-5级/东南风4-5级,30
1209,2018/8/20,33℃/27℃,阵雨/雷阵雨,西南风3～4级/西南风3～4级,30
1210,2018/8/21,31℃/26℃,多云/雷阵雨,北风3-4级/北风3-4级,28.5
1211,2018/8/22,30℃/25℃,雷阵雨/多云,东北风4-5级/东北风4-5级,27.5
1212,2018/8/23,30℃/22℃,多云/多云,西北风4-5级/西北风4-5级,26
1213,2018/8/24,31℃/23℃,多云/多云,东北风3-4级/东北风3-4级,27
1214,2018/8/25,29℃/23℃,雷阵雨/雷阵雨,东北风4～5级/东北风4～5级,26
1215,2018/8/26,31℃/26℃,雷阵雨/阴,东北风4-5级/东北风4-5级,28.5
1216,2018/8/27,33℃/26℃,阴/多云,东风3-4级/东风3-4级,29.5
1217,2018/8/28,34℃/26℃,多云/多云,东风3-4级/东风3-4级,30
1218,2018/8/29,34℃/26℃,多云/多云,东风3-4级/东风3-4级,30
1219,2018/8/30,34℃/26℃,多云/阴,东风3-4级/东风3-4级,30
1220,2018/8/31,32℃/25℃,雷阵雨/雷阵雨,东风3-4级/东风3-4级,28.5
1221,2018/9/1,30℃/25℃,雷阵雨/阴,东风3-4级/东风3-4级,27.5
1222,2018/9/2,32℃/26℃,多云/阴,东南风3-4级/东南风3-4级,29
1223,2018/9/3,32℃/24℃,雷阵雨/多云,西风4-5级/西风4-5级,28
1224,2018/9/4,33℃/22℃,晴/晴,西北风4-5级/西北风4-5级,27.5
1225,2018/9/5,32℃/22℃,多云/多云,北风3-4级/北风3-4级,27
1226,2018/9/6,29℃/22℃,阴/阴,西风3-4级/西风3-4级,25.5
1227,2018/9/7,27℃/18℃,阴/多云,北风4-5级/北风4-5级,22.5
1228,2018/9/8,28℃/17℃,多云/多云,东北风3-4级/东北风3-4级,22.5
1229,2018/9/9,28℃/19℃,晴/多云,东北风3-4级/东北风3-4级,23.5
1230,2018/9/10,26℃/20℃,多云/多云,东风3-4级/东风3-4级,23
1231,2018/9/11,28℃/21℃,多云/多云,东风3-4级/东风3-4级,24.5
1232,2018/9/12,28℃/22℃,多云/阵雨,东风3-4级/东风3-4级,25
1233,2018/9/13,26℃/22℃,阵雨/阴,东北风3-4级/东北风3-4级,24
1234,2018/9/14,31℃/23℃,多云/多云,东北风3-4级/东北风3-4级,27
1235,2018/9/15,31℃/24℃,多云/多云,东北风3-4级/东北风3-4级,27.5
1236,2018/9/16,31℃/24℃,雷阵雨/中雨,东北风3-4级/东北风3-4级,27.5
1237,2018/9/17,27℃/23℃,雷阵雨/阴,东北风4-5级/东北风4-5级,25
1238,2018/9/18,29℃/24℃,阴/多云,东风3-4级/东风3-4级,26.5
1239,2018/9/19,32℃/24℃,雷阵雨/雷阵雨,西南风3-4级/西南风3-4级,28
1240,2018/9/20,29℃/23℃,中雨/雷阵雨,西风3-4级/西风3-4级,26
1241,2018/9/21,25℃/21℃,阵雨/阴,西北风3-4级/西北风3-4级,23
1242,2018/9/22,28℃/20℃,多云/多云,南风3-4级/南风3-4级,24
1243,2018/9/23,27℃/18℃,多云/晴,东北风3-4级/东北风3-4级,22.5
1244,2018/9/24,28℃/18℃,晴/多云,东风3-4级/东风3-4级,23
1245,2018/9/25,25℃/19℃,多云/阴,东北风3-4级/东北风3-4级,22
1246,2018/9/26,26℃/17℃,多云/多云,东北风3-4级/东北风3-4级,21.5
1247,2018/9/27,27℃/18℃,晴/多云,北风3-4级/北风3-4级,22.5
1248,2018/9/28,26℃/17℃,多云/晴,东风3-4级/东风3-4级,21.5
1249,2018/9/29,27℃/17℃,晴/晴,北风3-4级/北风3-4级,22
1250,2018/9/30,27℃/15℃,晴/晴,西北风4-5级/西北风4-5级,21
1251,2018/10/1,25℃/14℃,多云/晴,西北风3-4级/西北风3-4级,19.5
1252,2018/10/2,25℃/15℃,多云/多云,西北风1-2级/西北风1-2级,20
1253,2018/10/3,27℃/14℃,晴/晴,东风3-4级/东风3-4级,20.5
1254,2018/10/4,26℃/16℃,晴/多云,东北风3-4级/东北风3-4级,21
1255,2018/10/5,25℃/16℃,多云/多云,北风4-5级/北风4-5级,20.5
1256,2018/10/6,26℃/15℃,多云/多云,西北风3-4级/西北风3-4级,20.5
1257,2018/10/7,26℃/17℃,晴/多云,东风3-4级/东风3-4级,21.5
1258,2018/10/8,24℃/18℃,多云/小雨,东风3-4级/东风3-4级,21
1259,2018/10/9,24℃/13℃,小雨/阴,西北风3-4级/西北风3-4级,18.5
1260,2018/10/10,20℃/10℃,多云/晴,北风4-5级/北风4-5级,15
1261,2018/10/11,21℃/9℃,晴/晴,东北风3-4级/东北风3-4级,15
1262,2018/10/12,21℃/12℃,多云/多云,东北风3-4级/东北风3-4级,16.5
1263,2018/10/13,22℃/14℃,晴/多云,东风3-4级/东风3-4级,18
1264,2018/10/14,21℃/14℃,阴/多云,东风3-4级/东风3-4级,17.5
1265,2018/10/15,21℃/15℃,多云/小雨,东风3-4级/东风3-4级,18
1266,2018/10/16,21℃/13℃,阴/多云,东北风3-4级/东北风3-4级,17
1267,2018/10/17,22℃/12℃,多云/多云,北风3-4级/北风3-4级,17
1268,2018/10/18,20℃/10℃,晴/多云,东北风4-5级/东北风4-5级,15
1269,2018/10/19,20℃/12℃,多云/多云,东北风3-4级/东北风3-4级,16
1270,2018/10/20,20℃/13℃,阴/多云,东风3-4级/东风3-4级,16.5
1271,2018/10/21,21℃/16℃,阵雨/小雨,东风3-4级/东风3-4级,18.5
1272,2018/10/22,19℃/13℃,小雨/多云,东北风3-4级/东北风3-4级,16
1273,2018/10/23,24℃/13℃,多云/晴,东北风3-4级/东北风3-4级,18.5
1274,2018/10/24,23℃/15℃,晴/多云,东风3-4级/东风3-4级,19
1275,2018/10/25,20℃/16℃,小雨/小雨,东南风3-4级/东南风3-4级,18
1276,2018/10/26,21℃/8℃,晴/晴,西北风4-5级/西北风4-5级,14.5
1277,2018/10/27,20℃/9℃,晴/晴,西北风3-4级/西北风3-4级,14.5
1278,2018/10/28,24℃/9℃,晴/晴,西风4-5级/西风4-5级,16.5
1279,2018/10/29,24℃/11℃,晴/晴,西风3-4级/西风3-4级,17.5
1280,2018/10/30,23℃/12℃,晴/多云,东风3-4级/东风3-4级,17.5
1281,2018/10/31,21℃/10℃,多云/多云,东北风3-4级/东北风3-4级,15.5
1282,2018/11/1,20℃/10℃,晴/多云,东风3-4级/东风3-4级,15
1283,2018/11/2,20℃/12℃,多云/多云,东风3-4级/东风3-4级,16
1284,2018/11/3,20℃/14℃,阴/多云,东风3-4级/东风3-4级,17
1285,2018/11/4,23℃/15℃,多云/阴,东风3-4级/东风3-4级,19
1286,2018/11/5,20℃/15℃,小雨/小雨,东风3-4级/东风3-4级,17.5
1287,2018/11/6,17℃/13℃,中雨/小雨,东北风3-4级/东北风3-4级,15
1288,2018/11/7,14℃/10℃,小雨/中雨,北风3-4级/北风3-4级,12
1289,2018/11/8,13℃/6℃,小雨/多云,西北风5-6级/西北风5-6级,9.5
1290,2018/11/9,17℃/7℃,晴/多云,东南风1-2级/东南风1-2级,12
1291,2018/11/10,18℃/12℃,多云/小雨,东风3-4级/东风3-4级,15
1292,2018/11/11,17℃/11℃,阵雨/多云,北风3-4级/北风3-4级,14
1293,2018/11/12,17℃/10℃,多云/多云,东北风3-4级/东北风3-4级,13.5
1294,2018/11/13,17℃/8℃,多云/多云,东北风3-4级/东北风3-4级,12.5
1295,2018/11/14,18℃/11℃,多云/阴,东南风1-2级/东南风1-2级,14.5
1296,2018/11/15,15℃/12℃,小雨/小雨,东北风3-4级/东北风3-4级,13.5
1297,2018/11/16,16℃/8℃,阴/多云,北风4-5级/北风4-5级,12
1298,2018/11/17,15℃/9℃,多云/小雨,东北风3-4级/东北风3-4级,12
1299,2018/11/18,10℃/5℃,小雨/阴,北风3-4级/北风3-4级,7.5
1300,2018/11/19,13℃/6℃,多云/多云,东风3-4级/东风3-4级,9.5
1301,2018/11/20,16℃/9℃,多云/小雨,东风3-4级/东风3-4级,12.5
1302,2018/11/21,14℃/6℃,阴/多云,西北风4-5级/西北风4-5级,10
1303,2018/11/22,13℃/5℃,多云/多云,北风3-4级/北风3-4级,9
1304,2018/11/23,16℃/6℃,晴/晴,东南风3-4级/东南风3-4级,11
1305,2018/11/24,18℃/6℃,晴/晴,北风1-2级/北风1-2级,12
1306,2018/11/25,18℃/8℃,多云/多云,东风1-2级/东风1-2级,13
1307,2018/11/26,18℃/8℃,多云/多云,南风1-2级/南风1-2级,13
1308,2018/11/27,14℃/7℃,多云/多云,东风1-2级/东风1-2级,10.5
1309,2018/11/28,18℃/8℃,多云/多云,东南风1-2级/东南风1-2级,13
1310,2018/11/29,18℃/8℃,多云/多云,北风1-2级/北风1-2级,13
1311,2018/11/30,18℃/9℃,多云/多云,东风1-2级/东风1-2级,13.5
1312,2018/12/1,18℃/11℃,多云/阴,东风1-2级/东风1-2级,14.5
1313,2018/12/2,16℃/11℃,小雨/多云,东南风1-2级/东南风1-2级,13.5
1314,2018/12/3,16℃/11℃,小雨/中雨,东北风3-4级/东北风3-4级,13.5
1315,2018/12/4,10℃/7℃,阴/阴,北风4-5级/北风4-5级,8.5
1316,2018/12/5,12℃/8℃,小雨/中雨,东北风4-5级/东北风4-5级,10
1317,2018/12/6,8℃/3℃,小雨/小雨,东北风4-5级/东北风4-5级,5.5
1318,2018/12/7,4℃/0℃,阴/阴,东北风4-5级/东北风4-5级,2
1319,2018/12/8,2℃/0℃,阴/小雪,东北风4-5级/东北风4-5级,1
1320,2018/12/9,5℃/0℃,阴/小雨,东北风3-4级/东北风3-4级,2.5
1321,2018/12/10,6℃/3℃,小雨/小雨,东北风3-4级/东北风3-4级,4.5
1322,2018/12/11,6℃/-2℃,小雨/多云,西北风4-5级/西北风4-5级,2
1323,2018/12/12,5℃/-3℃,多云/晴,北风3-4级/北风3-4级,1
1324,2018/12/13,7℃/-2℃,晴/晴,无持续风向1-2级/无持续风向1-2级,2.5
1325,2018/12/14,10℃/0℃,晴/多云,东北风1-2级/东北风1-2级,5
1326,2018/12/15,8℃/3℃,阴/阴,东风3-4级/东风3-4级,5.5
1327,2018/12/16,10℃/1℃,多云/晴,西风3-4级/西风3-4级,5.5
1328,2018/12/17,13℃/1℃,晴/晴,西风3-4级/西风3-4级,7
1329,2018/12/18,15℃/2℃,晴/多云,西南风3-4级/西南风3-4级,8.5
1330,2018/12/19,12℃/7℃,小雨/小雨,东南风3-4级/东南风3-4级,9.5
1331,2018/12/20,15℃/6℃,多云/多云,东风1-2级/东风1-2级,10.5
1332,2018/12/21,14℃/9℃,多云/小雨,东北风1-2级/东北风1-2级,11.5
1333,2018/12/22,12℃/5℃,小到中雨/小雨,东北风3-4级/东北风3-4级,8.5
1334,2018/12/23,11℃/2℃,多云/多云,北风4-5级/北风4-5级,6.5
1335,2018/12/24,11℃/5℃,多云/阴,东风3-4级/东风3-4级,8
1336,2018/12/25,10℃/7℃,小雨/小雨,东风3-4级/东风3-4级,8.5
1337,2018/12/26,8℃/4℃,小雨/小雨,东北风4-5级/东北风4-5级,6
1338,2018/12/27,5℃/-2℃,阴/阴,东北风4-5级/东北风4-5级,1.5
1339,2018/12/28,1℃/-4℃,多云/多云,北风4-5级/北风4-5级,-1.5
1340,2018/12/29,1℃/-4℃,多云/多云,东北风3-4级/东北风3-4级,-1.5
1341,2018/12/30,1℃/-2℃,小雪/小雪,东北风3-4级/东北风3-4级,-0.5
1342,2018/12/31,5℃/-3℃,阴/阴,东北风3-4级/东北风3-4级,1
1343,2019/1/1,5℃/-2℃,多云/多云,北风1-2级/北风1-2级,1.5
1344,2019/1/2,4℃/0℃,多云/多云,东风3-4级/东风3-4级,2
1345,2019/1/3,8℃/3℃,阴/小雨,东南风3-4级/东南风3-4级,5.5
1346,2019/1/4,7℃/4℃,小雨/阴,北风3-4级/北风3-4级,5.5
1347,2019/1/5,5℃/3℃,小雨/小雨,北风3-4级/北风3-4级,4
1348,2019/1/6,4℃/2℃,多云/多云,东北风1-2级/东北风1-2级,3
1349,2019/1/7,6℃/4℃,小雨/阴,东北风3-4级/东北风3-4级,5
1350,2019/1/8,6℃/2℃,阴/小雪,北风3-4级/北风3-4级,4
1351,2019/1/9,2℃/0℃,大雪/雨夹雪,东风3-4级/东风3-4级,1
1352,2019/1/10,4℃/2℃,阴/小雨,东北风3-4级/东北风3-4级,3
1353,2019/1/11,6℃/3℃,小雨/小雨,北风1-2级/北风1-2级,4.5
1354,2019/1/12,6℃/1℃,阴/多云,东风1-2级/东风1-2级,3.5
1355,2019/1/13,8℃/0℃,多云/多云,东北风1-2级/东北风1-2级,4
1356,2019/1/14,8℃/2℃,多云/阴,东风1-2级/东风1-2级,5
1357,2019/1/15,6℃/-2℃,多云/多云,无持续风向1-2级/无持续风向1-2级,2
1358,2019/1/16,4℃/-2℃,多云/晴,东北风3-4级/东北风3-4级,1
1359,2019/1/17,8℃/-1℃,晴/多云,西南风1-2级/西南风1-2级,3.5
1360,2019/1/18,11℃/0℃,晴/多云,东风1-2级/东风1-2级,5.5
1361,2019/1/19,8℃/1℃,多云/晴,西风1-2级/西风1-2级,4.5
1362,2019/1/20,7℃/-2℃,多云/多云,北风1-2级/北风1-2级,2.5
1363,2019/1/21,8℃/0℃,多云/多云,西风1-2级/西风1-2级,4
1364,2019/1/22,11℃/-1℃,晴/晴,西风3-4级/西风3-4级,5
1365,2019/1/23,13℃/-1℃,晴/晴,西风1-2级/西风1-2级,6
1366,2019/1/24,14℃/2℃,晴/多云,东风1-2级/东风1-2级,8
1367,2019/1/25,10℃/-2℃,多云/晴,东北风4-5级/东北风4-5级,4
1368,2019/1/26,4℃/-2℃,晴/晴,东北风3-4级/东北风3-4级,1
1369,2019/1/27,9℃/-1℃,晴/多云,东北风1-2级/东北风1-2级,4
1370,2019/1/28,9℃/4℃,多云/多云,东北风1-2级/东北风1-2级,6.5
1371,2019/1/29,9℃/5℃,阴/阴,东风1-2级/东风1-2级,7
1372,2019/1/30,8℃/1℃,小雨/雨夹雪,东北风4-5级/东北风4-5级,4.5
1373,2019/1/31,4℃/-3℃,小雪/多云,北风5-6级/北风5-6级,0.5
1374,2019/2/1,7℃/1℃,多云/多云,西南风3-4级/西南风3-4级,4
1375,2019/2/2,9℃/3℃,阴/小雨,南风3-4级/南风3-4级,6
1376,2019/2/3,8℃/0℃,小雨/晴,西北风1-2级/西北风1-2级,4
1377,2019/2/4,10℃/-1℃,晴/多云,东风3-4级/东风3-4级,4.5
1378,2019/2/5,11℃/4℃,阴/多云,南风1-2级/南风1-2级,7.5
1379,2019/2/6,16℃/6℃,多云/小雨,南风3-4级/南风3-4级,11
1380,2019/2/7,4℃/0℃,小雨/中雨,东北风5-6级/东北风5-6级,2
1381,2019/2/8,2℃/-1℃,小雪/中雪,东北风1-2级/东北风1-2级,0.5
1382,2019/2/9,1℃/-1℃,阴/阴,东北风1-2级/东北风1-2级,0
1383,2019/2/10,1℃/-2℃,小雪/多云,东北风1-2级/东北风1-2级,-0.5
1384,2019/2/11,4℃/0℃,多云/阴,东风1-2级/东风1-2级,2
1385,2019/2/12,4℃/2℃,中雨/小雨,东风1-2级/东风1-2级,3
1386,2019/2/13,6℃/2℃,小雨/中雨,东风1-2级/东风1-2级,4
1387,2019/2/14,5℃/3℃,小雨/小雨,东风1-2级/东风1-2级,4
1388,2019/2/15,6℃/2℃,小雨/阴,北风1-2级/北风1-2级,4
1389,2019/2/16,5℃/1℃,多云/多云,东北风3-4级/东北风3-4级,3
1390,2019/2/17,7℃/2℃,阴/中雨,东北风3-4级/东北风3-4级,4.5
1391,2019/2/18,6℃/2℃,中雨/小雨,东风1-2级/东风1-2级,4
1392,2019/2/19,6℃/3℃,阴/阴,西风1-2级/西风1-2级,4.5
1393,2019/2/20,6℃/3℃,小雨/阴,东北风3-4级/东北风3-4级,4.5
1394,2019/2/21,7℃/2℃,小雨/雨夹雪,东风1-2级/东风1-2级,4.5
1395,2019/2/22,6℃/-1℃,雨夹雪/多云,北风1-2级/北风1-2级,2.5
1396,2019/2/23,10℃/1℃,多云/多云,东北风1-2级/东北风1-2级,5.5
1397,2019/2/24,9℃/0℃,多云/多云,东北风1-2级/东北风1-2级,4.5
1398,2019/2/25,14℃/2℃,多云/多云,东北风1-2级/东北风1-2级,8
1399,2019/2/26,12℃/5℃,小雨/小雨,东风1-2级/东风1-2级,8.5
1400,2019/2/27,8℃/4℃,小雨/阴,东北风1-2级/东北风1-2级,6
1401,2019/2/28,10℃/5℃,阴/多云,东风1-2级/东风1-2级,7.5
1402,2019/3/1,11℃/6℃,小雨/小雨,东风1-2级/东风1-2级,8.5
1403,2019/3/2,9℃/6℃,小雨/阴,东风1-2级/东风1-2级,7.5
1404,2019/3/3,9℃/5℃,阴/多云,西北风1-2级/西北风1-2级,7
1405,2019/3/4,9℃/2℃,阴/小雨,东风1-2级/东风1-2级,5.5
1406,2019/3/5,9℃/6℃,小雨/多云,东南风1-2级/东南风1-2级,7.5
1407,2019/3/6,15℃/3℃,多云/晴,北风1-2级/北风1-2级,9
1408,2019/3/7,12℃/2℃,晴/多云,东北风3-4级/东北风3-4级,7
1409,2019/3/8,12℃/5℃,多云/多云,东风1-2级/东风1-2级,8.5
1410,2019/3/9,15℃/5℃,阴/多云,西风1-2级/西风1-2级,10
1411,2019/3/10,16℃/6℃,晴/多云,西北风1-2级/西北风1-2级,11
1412,2019/3/11,18℃/6℃,晴/多云,西北风1-2级/西北风1-2级,12
1413,2019/3/12,19℃/4℃,晴/晴,西北风3-4级/西北风3-4级,11.5
1414,2019/3/13,17℃/9℃,多云/多云,东南风1-2级/东南风1-2级,13
1415,2019/3/14,19℃/7℃,多云/多云,西风1-2级/西风1-2级,13
1416,2019/3/15,20℃/5℃,多云/多云,西北风1-2级/西北风1-2级,12.5
1417,2019/3/16,19℃/9℃,多云/多云,西南风1-2级/西南风1-2级,14
1418,2019/3/17,22℃/11℃,多云/小雨,东风1-2级/东风1-2级,16.5
1419,2019/3/18,16℃/7℃,阴/多云,东风1-2级/东风1-2级,11.5
1420,2019/3/19,22℃/11℃,多云/小雨,东南风1-2级/东南风1-2级,16.5
1421,2019/3/20,23℃/14℃,雷阵雨/多云,西南风3-4级/西南风3-4级,18.5
1422,2019/3/21,17℃/8℃,阴/阴,东北风4-5级/东北风4-5级,12.5
1423,2019/3/22,12℃/4℃,多云/多云,东北风1-2级/东北风1-2级,8
1424,2019/3/23,16℃/5℃,晴/晴,北风1-2级/北风1-2级,10.5
1425,2019/3/24,15℃/8℃,多云/阴,南风1-2级/南风1-2级,11.5
1426,2019/3/25,17℃/8℃,多云/晴,西风1-2级/西风1-2级,12.5
1427,2019/3/26,22℃/9℃,多云/多云,南风1-2级/南风1-2级,15.5
1428,2019/3/27,19℃/12℃,小雨/阴,西南风1-2级/西南风1-2级,15.5
1429,2019/3/28,19℃/10℃,多云/多云,东风1-2级/东风1-2级,14.5
1430,2019/3/29,20℃/11℃,多云/多云,东南风1-2级/东南风1-2级,15.5
1431,2019/3/30,16℃/8℃,多云/多云,西北风3-4级/西北风3-4级,12
1432,2019/3/31,16℃/6℃,多云/晴,东风1-2级/东风1-2级,11
1433,2019/4/1,18℃/8℃,晴/多云,南风1-2级/南风1-2级,13
1434,2019/4/2,18℃/8℃,多云/多云,东南风1-2级/东南风1-2级,13
1435,2019/4/3,21℃/10℃,多云/多云,东北风1-2级/东北风1-2级,15.5
1436,2019/4/4,19℃/11℃,多云/晴,东南风1-2级/东南风1-2级,15
1437,2019/4/5,25℃/14℃,晴/晴,西风1-2级/西风1-2级,19.5
1438,2019/4/6,27℃/15℃,多云/晴,西南风1-2级/西南风1-2级,21
1439,2019/4/7,31℃/16℃,晴/晴,西风1-2级/西风1-2级,23.5
1440,2019/4/8,30℃/18℃,多云/小雨,东南风1-2级/东南风1-2级,24
1441,2019/4/9,22℃/10℃,中雨/多云,西北风5-6级/西北风5-6级,16
1442,2019/4/10,15℃/9℃,多云/阴,北风3-4级/北风3-4级,12
1443,2019/4/11,16℃/8℃,阴/多云,东风1-2级/东风1-2级,12
1444,2019/4/12,21℃/10℃,晴/多云,东南风1-2级/东南风1-2级,15.5
1445,2019/4/13,22℃/12℃,多云/多云,东南风1-2级/东南风1-2级,17
1446,2019/4/14,20℃/8℃,多云/晴,北风1-2级/北风1-2级,14
1447,2019/4/15,21℃/12℃,多云/阴,东南风1-2级/东南风1-2级,16.5
1448,2019/4/16,23℃/12℃,阴/多云,南风1-2级/南风1-2级,17.5
1449,2019/4/17,27℃/15℃,晴/晴,西南风1-2级/西南风1-2级,21
1450,2019/4/18,29℃/16℃,多云/多云,南风1-2级/南风1-2级,22.5
1451,2019/4/19,26℃/17℃,多云/阴,东风3-4级/东风3-4级,21.5
1452,2019/4/20,25℃/18℃,阵雨/阵雨,东风1-2级/东风1-2级,21.5
1453,2019/4/21,22℃/18℃,雷阵雨/小雨,东北风1-2级/东北风1-2级,20
1454,2019/4/22,22℃/17℃,阴/阴,东风3-4级/东风3-4级,19.5
1455,2019/4/23,25℃/19℃,阴/阵雨,西风1-2级/西风1-2级,22
1456,2019/4/24,25℃/16℃,多云/多云,东北风1-2级/东北风1-2级,20.5
1457,2019/4/25,25℃/12℃,多云/多云,北风3-4级/北风3-4级,18.5
1458,2019/4/26,14℃/10℃,阴/多云,东北风4-5级/东北风4-5级,12
1459,2019/4/27,20℃/11℃,多云/雷阵雨,东风4-5级/东风4-5级,15.5
1460,2019/4/28,18℃/14℃,多云/中雨,东北风1-2级/东北风1-2级,16
1461,2019/4/29,16℃/13℃,小雨/阴,北风1-2级/北风1-2级,14.5
1462,2019/4/30,21℃/15℃,多云/多云,东北风1-2级/东北风1-2级,18
1463,2019/5/1,24℃/13℃,晴/晴,北风1-2级/北风1-2级,18.5
1464,2019/5/2,25℃/11℃,晴/晴,东风1-2级/东风1-2级,18
1465,2019/5/3,26℃/15℃,晴/多云,东风1-2级/东风1-2级,20.5
1466,2019/5/4,28℃/16℃,多云/多云,东南风3-4级/东南风3-4级,22
1467,2019/5/5,28℃/15℃,多云/多云,东风1-2级/东风1-2级,21.5
1468,2019/5/6,21℃/11℃,多云/阴,东北风1-2级/东北风1-2级,16
1469,2019/5/7,22℃/13℃,多云/多云,东风1-2级/东风1-2级,17.5
1470,2019/5/8,22℃/12℃,多云/多云,东南风1-2级/东南风1-2级,17
1471,2019/5/9,26℃/14℃,晴/晴,东南风1-2级/东南风1-2级,20
1472,2019/5/10,29℃/16℃,晴/多云,西南风1-2级/西南风1-2级,22.5
1473,2019/5/11,30℃/18℃,晴/晴,东南风1-2级/东南风1-2级,24
1474,2019/5/12,31℃/20℃,多云/多云,东南风1-2级/东南风1-2级,25.5
1475,2019/5/13,29℃/17℃,阴/多云,东风1-2级/东风1-2级,23
1476,2019/5/14,29℃/19℃,雷阵雨/雷阵雨,东南风1-2级/东南风1-2级,24
1477,2019/5/15,23℃/19℃,阴/阴,东风3-4级/东风3-4级,21
1478,2019/5/16,26℃/20℃,阴/阴,东风1-2级/东风1-2级,23
1479,2019/5/17,27℃/20℃,小雨/多云,东北风1-2级/东北风1-2级,23.5
1480,2019/5/18,25℃/17℃,阴/多云,东北风1-2级/东北风1-2级,21
1481,2019/5/19,26℃/20℃,多云/多云,北风1-2级/北风1-2级,23
1482,2019/5/20,27℃/15℃,多云/晴,北风3-4级/北风3-4级,21
1483,2019/5/21,28℃/15℃,晴/晴,西南风1-2级/西南风1-2级,21.5
1484,2019/5/22,31℃/17℃,晴/晴,西南风1-2级/西南风1-2级,24
1485,2019/5/23,33℃/19℃,晴/晴,东南风1-2级/东南风1-2级,26
1486,2019/5/24,35℃/22℃,晴/雷阵雨,东南风1-2级/东南风1-2级,28.5
1487,2019/5/25,28℃/21℃,大雨/大雨,东南风3-4级/东南风3-4级,24.5
1488,2019/5/26,26℃/23℃,中雨/小雨,西南风1-2级/西南风1-2级,24.5
1489,2019/5/27,26℃/14℃,多云/多云,北风3-4级/北风3-4级,20
1490,2019/5/28,26℃/18℃,多云/多云,东北风1-2级/东北风1-2级,22
1491,2019/5/29,26℃/18℃,多云/阴,东南风1-2级/东南风1-2级,22
1492,2019/5/30,23℃/17℃,小雨/小雨,东南风1-2级/东南风1-2级,20
1493,2019/5/31,27℃/18℃,多云/多云,东风1-2级/东风1-2级,22.5
1494,2019/6/1,29℃/18℃,多云/多云,东南风1-2级/东南风1-2级,23.5
1495,2019/6/2,30℃/19℃,晴/晴,东南风1-2级/东南风1-2级,24.5
1496,2019/6/3,33℃/21℃,晴/晴,东南风1-2级/东南风1-2级,27
1497,2019/6/4,35℃/22℃,晴/多云,南风3-4级/南风3-4级,28.5
1498,2019/6/5,35℃/25℃,多云/雷阵雨,东南风1-2级/东南风1-2级,30
1499,2019/6/6,25℃/20℃,中雨/多云,西风5-6级/西风5-6级,22.5
1500,2019/6/7,30℃/20℃,晴/多云,东北风1-2级/东北风1-2级,25
1501,2019/6/8,31℃/22℃,多云/多云,东南风1-2级/东南风1-2级,26.5
1502,2019/6/9,32℃/22℃,阴/多云,东南风1-2级/东南风1-2级,27
1503,2019/6/10,30℃/18℃,晴/晴,东北风3-4级/东北风3-4级,24
1504,2019/6/11,30℃/20℃,多云/多云,东风1-2级/东风1-2级,25
1505,2019/6/12,28℃/20℃,多云/多云,东风1-2级/东风1-2级,24
1506,2019/6/13,25℃/18℃,多云/多云,东南风1-2级/东南风1-2级,21.5
1507,2019/6/14,28℃/20℃,晴/晴,东北风1-2级/东北风1-2级,24
1508,2019/6/15,34℃/23℃,多云/多云,西风1-2级/西风1-2级,28.5
1509,2019/6/16,31℃/25℃,多云/多云,南风1-2级/南风1-2级,28
1510,2019/6/17,30℃/21℃,阴/中雨,南风1-2级/南风1-2级,25.5
1511,2019/6/18,26℃/21℃,阴/多云,东南风1-2级/东南风1-2级,23.5
1512,2019/6/19,27℃/22℃,阴/小雨,东风1-2级/东风1-2级,24.5
1513,2019/6/20,25℃/21℃,中雨/大雨,东风1-2级/东风1-2级,23
1514,2019/6/21,27℃/20℃,阴/多云,东风1-2级/东风1-2级,23.5
1515,2019/6/22,27℃/18℃,多云/多云,东北风1-2级/东北风1-2级,22.5
1516,2019/6/23,28℃/20℃,晴/晴,东风1-2级/东风1-2级,24
1517,2019/6/24,29℃/21℃,多云/阴,东南风3-4级/东南风3-4级,25
1518,2019/6/25,27℃/21℃,阵雨/阵雨,东南风4-5级/东南风4-5级,24
1519,2019/6/26,28℃/21℃,阵雨/多云,东北风1-2级/东北风1-2级,24.5
1520,2019/6/27,29℃/24℃,多云/多云,东南风1-2级/东南风1-2级,26.5
1521,2019/6/28,34℃/27℃,雷阵雨/大雨,南风1-2级/南风1-2级,30.5
1522,2019/6/29,27℃/23℃,小雨/阴,西北风3-4级/西北风3-4级,25
1523,2019/6/30,30℃/23℃,多云/多云,西南风1-2级/西南风1-2级,26.5
1524,2019/7/1,31℃/22℃,多云/多云,东南风1-2级/东南风1-2级,26.5
1525,2019/7/2,30℃/23℃,多云/多云,东风1-2级/东风1-2级,26.5
1526,2019/7/3,29℃/22℃,多云/多云,东风1-2级/东风1-2级,25.5
1527,2019/7/4,30℃/22℃,多云/多云,东南风1-2级/东南风1-2级,26
1528,2019/7/5,31℃/22℃,多云/多云,东南风1-2级/东南风1-2级,26.5
1529,2019/7/6,31℃/24℃,雷阵雨/雷阵雨,东南风3-4级/东南风3-4级,27.5
1530,2019/7/7,31℃/21℃,多云/多云,西北风1-2级/西北风1-2级,26
1531,2019/7/8,29℃/23℃,阵雨/阵雨,东北风1-2级/东北风1-2级,26
1532,2019/7/9,25℃/21℃,阵雨/阴,东北风1-2级/东北风1-2级,23
1533,2019/7/10,28℃/21℃,多云/晴,东北风1-2级/东北风1-2级,24.5
1534,2019/7/11,30℃/23℃,多云/阴,北风1-2级/北风1-2级,26.5
1535,2019/7/12,28℃/22℃,阵雨/阵雨,东南风1-2级/东南风1-2级,25
1536,2019/7/13,26℃/20℃,阴/多云,东风1-2级/东风1-2级,23
1537,2019/7/14,30℃/22℃,晴/晴,南风1-2级/南风1-2级,26
1538,2019/7/15,32℃/23℃,多云/多云,东风1-2级/东风1-2级,27.5
1539,2019/7/16,31℃/24℃,多云/阵雨,东风3-4级/东风3-4级,27.5
1540,2019/7/17,31℃/26℃,雷阵雨/阵雨,北风1-2级/北风1-2级,28.5
1541,2019/7/18,31℃/26℃,阵雨/阴,东风1-2级/东风1-2级,28.5
1542,2019/7/19,32℃/25℃,雷阵雨/多云,东北风3-4级/东北风3-4级,28.5
1543,2019/7/20,32℃/25℃,多云/多云,东北风1-2级/东北风1-2级,28.5
1544,2019/7/21,34℃/26℃,晴/晴,东南风1-2级/东南风1-2级,30
1545,2019/7/22,36℃/28℃,晴/晴,东风1-2级/东风1-2级,32
1546,2019/7/23,36℃/29℃,多云/多云,西南风3-4级/西南风3-4级,32.5
1547,2019/7/24,36℃/29℃,多云/多云,西南风3-4级/西南风3-4级,32.5
1548,2019/7/25,36℃/29℃,多云/多云,西风1-2级/西风1-2级,32.5
1549,2019/7/26,36℃/26℃,多云/雷阵雨,西南风3-4级/西南风3-4级,31
1550,2019/7/27,37℃/29℃,多云/晴,东南风1-2级/东南风1-2级,33
1551,2019/7/28,37℃/29℃,晴/晴,南风1-2级/南风1-2级,33
1552,2019/7/29,38℃/29℃,晴/晴,西南风3-4级/西南风3-4级,33.5
1553,2019/7/30,38℃/29℃,晴/晴,西南风1-2级/西南风1-2级,33.5
1554,2019/7/31,38℃/28℃,多云/阴,西南风4-5级/西南风4-5级,33
1555,2019/8/1,37℃/28℃,多云/多云,东南风1-2级/东南风1-2级,32.5
1556,2019/8/2,36℃/26℃,多云/晴,东南风1-2级/东南风1-2级,31
1557,2019/8/3,35℃/26℃,晴/多云,东风3-4级/东风3-4级,30.5
1558,2019/8/4,32℃/27℃,阵雨/阴,东风1-2级/东风1-2级,29.5
1559,2019/8/5,33℃/27℃,多云/多云,东南风3-4级/东南风3-4级,30
1560,2019/8/6,34℃/26℃,多云/晴,东风1-2级/东风1-2级,30
1561,2019/8/7,34℃/27℃,晴/多云,东风1-2级/东风1-2级,30.5
1562,2019/8/8,33℃/27℃,小雨/多云,东风1-2级/东风1-2级,30
1563,2019/8/9,33℃/27℃,雷阵雨/中雨,东北风3-4级/东北风3-4级,30
1564,2019/8/10,28℃/26℃,大雨/中雨,北风6-7级/北风6-7级,27
1565,2019/8/11,29℃/24℃,阴/阴,西风4-5级/西风4-5级,26.5
1566,2019/8/12,32℃/25℃,晴/晴,西风4-5级/西风4-5级,28.5
1567,2019/8/13,34℃/25℃,多云/多云,西北风1-2级/西北风1-2级,29.5
1568,2019/8/14,34℃/25℃,多云/多云,西风3-4级/西风3-4级,29.5
1569,2019/8/15,33℃/24℃,晴/晴,西北风1-2级/西北风1-2级,28.5
1570,2019/8/16,35℃/23℃,多云/多云,西风1-2级/西风1-2级,29
1571,2019/8/17,34℃/24℃,多云/多云,北风1-2级/北风1-2级,29
1572,2019/8/18,31℃/24℃,多云/多云,东风1-2级/东风1-2级,27.5
1573,2019/8/19,32℃/22℃,晴/多云,东风3-4级/东风3-4级,27
1574,2019/8/20,32℃/24℃,多云/晴,东风1-2级/东风1-2级,28
1575,2019/8/21,33℃/24℃,多云/多云,东风1-2级/东风1-2级,28.5
1576,2019/8/22,33℃/24℃,多云/多云,东北风1-2级/东北风1-2级,28.5
1577,2019/8/23,34℃/24℃,多云/多云,东北风1-2级/东北风1-2级,29
1578,2019/8/24,34℃/26℃,多云/多云,东北风3-4级/东北风3-4级,30
1579,2019/8/25,32℃/27℃,雷阵雨/阴,东风4-5级/东风4-5级,29.5
1580,2019/8/26,34℃/27℃,多云/多云,东风1-2级/东风1-2级,30.5
1581,2019/8/27,35℃/25℃,雷阵雨/雷阵雨,西北风3-4级/西北风3-4级,30
1582,2019/8/28,28℃/23℃,阵雨/多云,东北风1-2级/东北风1-2级,25.5
1583,2019/8/29,29℃/21℃,阴/晴,西南风1-2级/西南风1-2级,25
1584,2019/8/30,30℃/22℃,多云/多云,东北风1-2级/东北风1-2级,26
1585,2019/8/31,30℃/23℃,多云/多云,东风1-2级/东风1-2级,26.5
1586,2019/9/1,25℃/20℃,小雨/大雨,东南风1-2级/东南风1-2级,22.5
1587,2019/9/2,25℃/21℃,中雨/中雨,东北风1-2级/东北风1-2级,23
1588,2019/9/3,25℃/21℃,小雨/多云,东北风1-2级/东北风1-2级,23
1589,2019/9/4,27℃/22℃,多云/小雨,东北风1-2级/东北风1-2级,24.5
1590,2019/9/5,27℃/21℃,阵雨/阵雨,东北风1-2级/东北风1-2级,24
1591,2019/9/6,27℃/23℃,雷阵雨/阴,东北风3-4级/东北风3-4级,25
1592,2019/9/7,30℃/22℃,晴/晴,西北风1-2级/西北风1-2级,26
1593,2019/9/8,31℃/21℃,多云/多云,东北风1-2级/东北风1-2级,26
1594,2019/9/9,30℃/22℃,晴/晴,北风1-2级/北风1-2级,26
1595,2019/9/10,31℃/24℃,多云/多云,东北风1-2级/东北风1-2级,27.5
1596,2019/9/11,31℃/24℃,多云/多云,东北风1-2级/东北风1-2级,27.5
1597,2019/9/12,31℃/23℃,多云/多云,东风1-2级/东风1-2级,27
1598,2019/9/13,32℃/24℃,晴/多云,东风3-4级/东风3-4级,28
1599,2019/9/14,32℃/23℃,多云/多云,北风1-2级/北风1-2级,27.5
1600,2019/9/15,30℃/20℃,多云/多云,东北风1-2级/东北风1-2级,25
1601,2019/9/16,29℃/20℃,多云/多云,东北风1-2级/东北风1-2级,24.5
1602,2019/9/17,29℃/22℃,晴/多云,东北风1-2级/东北风1-2级,25.5
1603,2019/9/18,30℃/17℃,多云/多云,东北风1-2级/东北风1-2级,23.5
1604,2019/9/19,26℃/18℃,多云/晴,东北风1-2级/东北风1-2级,22
1605,2019/9/20,27℃/18℃,晴/晴,东北风1-2级/东北风1-2级,22.5
1606,2019/9/21,27℃/20℃,多云/多云,北风4-5级/北风4-5级,23.5
1607,2019/9/22,28℃/17℃,多云/晴,北风3-4级/北风3-4级,22.5
1608,2019/9/23,27℃/15℃,晴/晴,西北风3-4级/西北风3-4级,21
1609,2019/9/24,30℃/19℃,多云/多云,西风1-2级/西风1-2级,24.5
